Target ID,Algorithm,Dataset size,Metric,Value,trial,Approach
333,1-NN,431,MAE,0.0003497587011939339,0,Unbalanced
333,1-NN,431,MSE,4.4085164686210404e-05,0,Unbalanced
333,1-NN,431,R2,0.9999757108364808,0,Unbalanced
333,1-NN,431,RMSE,0.006639666007127949,0,Unbalanced
333,1-NN,431,r,0.9999878802672246,0,Unbalanced
333,kNN,431,MAE,0.4173282696266449,0,Unbalanced
333,kNN,431,MSE,0.3311114312953795,0,Unbalanced
333,kNN,431,R2,0.8175708369233813,0,Unbalanced
333,kNN,431,RMSE,0.575422828270985,0,Unbalanced
333,kNN,431,r,0.905263004513383,0,Unbalanced
333,SVR,431,MAE,0.09276308277590761,0,Unbalanced
333,SVR,431,MSE,0.009019931482441243,0,Unbalanced
333,SVR,431,R2,0.9950303783082551,0,Unbalanced
333,SVR,431,RMSE,0.0949733198453189,0,Unbalanced
333,SVR,431,r,0.9983143522702183,0,Unbalanced
333,RFR,431,MAE,0.23712760116940326,0,Unbalanced
333,RFR,431,MSE,0.09497962708461516,0,Unbalanced
333,RFR,431,R2,0.9476700221113221,0,Unbalanced
333,RFR,431,RMSE,0.30818764914352936,0,Unbalanced
333,RFR,431,r,0.98295651439426,0,Unbalanced
333,MR,431,MAE,1.1557577420850174,0,Unbalanced
333,MR,431,MSE,1.8156390434748815,0,Unbalanced
333,MR,431,R2,-0.00034453614159235535,0,Unbalanced
333,MR,431,RMSE,1.3474565089363297,0,Unbalanced
333,1-NN,431,MAE,0.0009492440269711174,1,Unbalanced
333,1-NN,431,MSE,0.0003883586800010881,1,Unbalanced
333,1-NN,431,R2,0.9997846556209348,1,Unbalanced
333,1-NN,431,RMSE,0.019706818109504337,1,Unbalanced
333,1-NN,431,r,0.9998927258931536,1,Unbalanced
333,kNN,431,MAE,0.4577905040326374,1,Unbalanced
333,kNN,431,MSE,0.4021972104892259,1,Unbalanced
333,kNN,431,R2,0.7769821739163179,1,Unbalanced
333,kNN,431,RMSE,0.6341902005622808,1,Unbalanced
333,kNN,431,r,0.8821505931613103,1,Unbalanced
333,SVR,431,MAE,0.09683696537608642,1,Unbalanced
333,SVR,431,MSE,0.010250156889851784,1,Unbalanced
333,SVR,431,R2,0.9943163014387624,1,Unbalanced
333,SVR,431,RMSE,0.10124305847736814,1,Unbalanced
333,SVR,431,r,0.9979435614426725,1,Unbalanced
333,RFR,431,MAE,0.2481553465680706,1,Unbalanced
333,RFR,431,MSE,0.10885356920013797,1,Unbalanced
333,RFR,431,R2,0.9396408385455106,1,Unbalanced
333,RFR,431,RMSE,0.32992964280303455,1,Unbalanced
333,RFR,431,r,0.9804689927657888,1,Unbalanced
333,MR,431,MAE,1.1415976183353134,1,Unbalanced
333,MR,431,MSE,1.8125387356209064,1,Unbalanced
333,MR,431,R2,-0.0050503533302574954,1,Unbalanced
333,MR,431,RMSE,1.346305587755212,1,Unbalanced
333,1-NN,431,MAE,0.0010800019200351717,2,Unbalanced
333,1-NN,431,MSE,0.0003086061257732453,2,Unbalanced
333,1-NN,431,R2,0.999821305170831,2,Unbalanced
333,1-NN,431,RMSE,0.01756718889786426,2,Unbalanced
333,1-NN,431,r,0.9999109491194873,2,Unbalanced
333,kNN,431,MAE,0.47277571458265943,2,Unbalanced
333,kNN,431,MSE,0.42857850386555174,2,Unbalanced
333,kNN,431,R2,0.7518365445862483,2,Unbalanced
333,kNN,431,RMSE,0.6546590745308215,2,Unbalanced
333,kNN,431,r,0.8690395229786178,2,Unbalanced
333,SVR,431,MAE,0.09836093392273862,2,Unbalanced
333,SVR,431,MSE,0.01267194263818694,2,Unbalanced
333,SVR,431,R2,0.9926624573012093,2,Unbalanced
333,SVR,431,RMSE,0.1125697234525649,2,Unbalanced
333,SVR,431,r,0.9971636614450727,2,Unbalanced
333,RFR,431,MAE,0.23959703523310788,2,Unbalanced
333,RFR,431,MSE,0.09618556211889635,2,Unbalanced
333,RFR,431,R2,0.9443048560740986,2,Unbalanced
333,RFR,431,RMSE,0.3101379727135914,2,Unbalanced
333,RFR,431,r,0.9805024061751682,2,Unbalanced
333,MR,431,MAE,1.1153513116283804,2,Unbalanced
333,MR,431,MSE,1.7411657004315657,2,Unbalanced
333,MR,431,R2,-0.00820198113005155,2,Unbalanced
333,MR,431,RMSE,1.3195323794555274,2,Unbalanced
333,1-NN,431,MAE,0.0015042385749279615,3,Unbalanced
333,1-NN,431,MSE,0.00045616957329546565,3,Unbalanced
333,1-NN,431,R2,0.9997416515962712,3,Unbalanced
333,1-NN,431,RMSE,0.02135812663356657,3,Unbalanced
333,1-NN,431,r,0.9998715895174979,3,Unbalanced
333,kNN,431,MAE,0.4355261843028692,3,Unbalanced
333,kNN,431,MSE,0.36645467699023987,3,Unbalanced
333,kNN,431,R2,0.7924609917416222,3,Unbalanced
333,kNN,431,RMSE,0.6053550007972511,3,Unbalanced
333,kNN,431,r,0.8906653021763545,3,Unbalanced
333,SVR,431,MAE,0.09336909511125535,3,Unbalanced
333,SVR,431,MSE,0.009220828899522986,3,Unbalanced
333,SVR,431,R2,0.9947778489256991,3,Unbalanced
333,SVR,431,RMSE,0.0960251472246879,3,Unbalanced
333,SVR,431,r,0.9983031538972813,3,Unbalanced
333,RFR,431,MAE,0.24735718238928747,3,Unbalanced
333,RFR,431,MSE,0.10315417006910653,3,Unbalanced
333,RFR,431,R2,0.9415793671138529,3,Unbalanced
333,RFR,431,RMSE,0.3211762289913538,3,Unbalanced
333,RFR,431,r,0.9817772963050875,3,Unbalanced
333,MR,431,MAE,1.132203499335024,3,Unbalanced
333,MR,431,MSE,1.7657183033105908,3,Unbalanced
333,MR,431,R2,-2.0426605324974645e-06,3,Unbalanced
333,MR,431,RMSE,1.328803335076561,3,Unbalanced
333,1-NN,431,MAE,0.000554994547956844,4,Unbalanced
333,1-NN,431,MSE,6.78108932943776e-05,4,Unbalanced
333,1-NN,431,R2,0.9999620713150943,4,Unbalanced
333,1-NN,431,RMSE,0.008234736989994131,4,Unbalanced
333,1-NN,431,r,0.9999810381717945,4,Unbalanced
333,kNN,431,MAE,0.4555315424172258,4,Unbalanced
333,kNN,431,MSE,0.4209568703694107,4,Unbalanced
333,kNN,431,R2,0.7645460822079373,4,Unbalanced
333,kNN,431,RMSE,0.6488118913594376,4,Unbalanced
333,kNN,431,r,0.8758607417845479,4,Unbalanced
333,SVR,431,MAE,0.0933542775214612,4,Unbalanced
333,SVR,431,MSE,0.009137269837244106,4,Unbalanced
333,SVR,431,R2,0.9948892484419737,4,Unbalanced
333,SVR,431,RMSE,0.09558906756132787,4,Unbalanced
333,SVR,431,r,0.9981136096124065,4,Unbalanced
333,RFR,431,MAE,0.24154099322844602,4,Unbalanced
333,RFR,431,MSE,0.09979169652092987,4,Unbalanced
333,RFR,431,R2,0.9441834839556121,4,Unbalanced
333,RFR,431,RMSE,0.3158982376033932,4,Unbalanced
333,RFR,431,r,0.9819635397416593,4,Unbalanced
333,MR,431,MAE,1.1551085265545569,4,Unbalanced
333,MR,431,MSE,1.7878591306804035,4,Unbalanced
333,MR,431,R2,-3.7210690977396155e-06,4,Unbalanced
333,MR,431,RMSE,1.3371084962262425,4,Unbalanced
333,1-NN,431,MAE,0.0009492440269711174,5,Unbalanced
333,1-NN,431,MSE,0.0003883586800010881,5,Unbalanced
333,1-NN,431,R2,0.9997767071592104,5,Unbalanced
333,1-NN,431,RMSE,0.019706818109504337,5,Unbalanced
333,1-NN,431,r,0.9998888723068866,5,Unbalanced
333,kNN,431,MAE,0.44232523773563753,5,Unbalanced
333,kNN,431,MSE,0.4014297288181178,5,Unbalanced
333,kNN,431,R2,0.7691917571535645,5,Unbalanced
333,kNN,431,RMSE,0.6335848236961786,5,Unbalanced
333,kNN,431,r,0.8785835347312094,5,Unbalanced
333,SVR,431,MAE,0.0968118705316923,5,Unbalanced
333,SVR,431,MSE,0.011407169796842467,5,Unbalanced
333,SVR,431,R2,0.9934412709681174,5,Unbalanced
333,SVR,431,RMSE,0.10680435289276588,5,Unbalanced
333,SVR,431,r,0.9975742688764042,5,Unbalanced
333,RFR,431,MAE,0.24381511203114642,5,Unbalanced
333,RFR,431,MSE,0.10047982225848547,5,Unbalanced
333,RFR,431,R2,0.9422275692304021,5,Unbalanced
333,RFR,431,RMSE,0.31698552373647204,5,Unbalanced
333,RFR,431,r,0.9826357461295392,5,Unbalanced
333,MR,431,MAE,1.1110137801940654,5,Unbalanced
333,MR,431,MSE,1.742615710364777,5,Unbalanced
333,MR,431,R2,-0.0019439049770104688,5,Unbalanced
333,MR,431,RMSE,1.3200817059427712,5,Unbalanced
333,1-NN,431,MAE,0.0,6,Unbalanced
333,1-NN,431,MSE,0.0,6,Unbalanced
333,1-NN,431,R2,1.0,6,Unbalanced
333,1-NN,431,RMSE,0.0,6,Unbalanced
333,1-NN,431,r,1.0,6,Unbalanced
333,kNN,431,MAE,0.4475949349269075,6,Unbalanced
333,kNN,431,MSE,0.3906390377924534,6,Unbalanced
333,kNN,431,R2,0.7724482468858058,6,Unbalanced
333,kNN,431,RMSE,0.62501123013307,6,Unbalanced
333,kNN,431,r,0.8801153106296834,6,Unbalanced
333,SVR,431,MAE,0.09461672421885008,6,Unbalanced
333,SVR,431,MSE,0.009301596655924418,6,Unbalanced
333,SVR,431,R2,0.9945817124735463,6,Unbalanced
333,SVR,431,RMSE,0.096444785529983,6,Unbalanced
333,SVR,431,r,0.9980510145104382,6,Unbalanced
333,RFR,431,MAE,0.25038670052250445,6,Unbalanced
333,RFR,431,MSE,0.09954204954786518,6,Unbalanced
333,RFR,431,R2,0.9420156059896114,6,Unbalanced
333,RFR,431,RMSE,0.31550285188547056,6,Unbalanced
333,RFR,431,r,0.9822945352857808,6,Unbalanced
333,MR,431,MAE,1.1187906171101671,6,Unbalanced
333,MR,431,MSE,1.7167516857662821,6,Unbalanced
333,MR,431,R2,-2.7692996259265357e-05,6,Unbalanced
333,MR,431,RMSE,1.310248711415616,6,Unbalanced
333,1-NN,431,MAE,0.00023672727875658433,7,Unbalanced
333,1-NN,431,MSE,2.4153155742731456e-05,7,Unbalanced
333,1-NN,431,R2,0.9999855585122391,7,Unbalanced
333,1-NN,431,RMSE,0.004914586019466081,7,Unbalanced
333,1-NN,431,r,0.9999927993971911,7,Unbalanced
333,kNN,431,MAE,0.45071331864547287,7,Unbalanced
333,kNN,431,MSE,0.3849762917640024,7,Unbalanced
333,kNN,431,R2,0.7698176393605849,7,Unbalanced
333,kNN,431,RMSE,0.6204645773644152,7,Unbalanced
333,kNN,431,r,0.8783689815115355,7,Unbalanced
333,SVR,431,MAE,0.09625265428946332,7,Unbalanced
333,SVR,431,MSE,0.011182334153587421,7,Unbalanced
333,SVR,431,R2,0.9933139361358143,7,Unbalanced
333,SVR,431,RMSE,0.10574655622566355,7,Unbalanced
333,SVR,431,r,0.9975976180332249,7,Unbalanced
333,RFR,431,MAE,0.24647603622197276,7,Unbalanced
333,RFR,431,MSE,0.09826634666101595,7,Unbalanced
333,RFR,431,R2,0.9412452659300128,7,Unbalanced
333,RFR,431,RMSE,0.31347463479684595,7,Unbalanced
333,RFR,431,r,0.9817413630281433,7,Unbalanced
333,MR,431,MAE,1.1057385411731702,7,Unbalanced
333,MR,431,MSE,1.6785635682259605,7,Unbalanced
333,MR,431,R2,-0.0036351143784900675,7,Unbalanced
333,MR,431,RMSE,1.2955939055992662,7,Unbalanced
333,1-NN,431,MAE,0.002278377388377294,8,Unbalanced
333,1-NN,431,MSE,0.0009268461380394555,8,Unbalanced
333,1-NN,431,R2,0.9994889336561552,8,Unbalanced
333,1-NN,431,RMSE,0.030444147845513025,8,Unbalanced
333,1-NN,431,r,0.9997451125595701,8,Unbalanced
333,kNN,431,MAE,0.4591257165102671,8,Unbalanced
333,kNN,431,MSE,0.4200368396448538,8,Unbalanced
333,kNN,431,R2,0.7683901533306552,8,Unbalanced
333,kNN,431,RMSE,0.6481024916206184,8,Unbalanced
333,kNN,431,r,0.877345321209026,8,Unbalanced
333,SVR,431,MAE,0.09961270543766088,8,Unbalanced
333,SVR,431,MSE,0.012475754671825661,8,Unbalanced
333,SVR,431,R2,0.9931208233328557,8,Unbalanced
333,SVR,431,RMSE,0.11169491784242316,8,Unbalanced
333,SVR,431,r,0.9974005591304957,8,Unbalanced
333,RFR,431,MAE,0.25514319934968527,8,Unbalanced
333,RFR,431,MSE,0.1143870925399006,8,Unbalanced
333,RFR,431,R2,0.93692653961848,8,Unbalanced
333,RFR,431,RMSE,0.3382116091146201,8,Unbalanced
333,RFR,431,r,0.9785225670874685,8,Unbalanced
333,MR,431,MAE,1.1451961875901246,8,Unbalanced
333,MR,431,MSE,1.8223412118484645,8,Unbalanced
333,MR,431,R2,-0.004845596429870591,8,Unbalanced
333,MR,431,RMSE,1.3499411882924621,8,Unbalanced
333,1-NN,431,MAE,0.0017925186682497048,9,Unbalanced
333,1-NN,431,MSE,0.0006728116500316019,9,Unbalanced
333,1-NN,431,R2,0.9996298543124092,9,Unbalanced
333,1-NN,431,RMSE,0.025938613109254743,9,Unbalanced
333,1-NN,431,r,0.9998150048101804,9,Unbalanced
333,kNN,431,MAE,0.43875171736488866,9,Unbalanced
333,kNN,431,MSE,0.3600239281998827,9,Unbalanced
333,kNN,431,R2,0.8019337143665285,9,Unbalanced
333,kNN,431,RMSE,0.600019939835238,9,Unbalanced
333,kNN,431,r,0.8976800678061928,9,Unbalanced
333,SVR,431,MAE,0.10000039113391673,9,Unbalanced
333,SVR,431,MSE,0.014279501323490006,9,Unbalanced
333,SVR,431,R2,0.9921441671891551,9,Unbalanced
333,SVR,431,RMSE,0.11949686742124249,9,Unbalanced
333,SVR,431,r,0.9967946282512306,9,Unbalanced
333,RFR,431,MAE,0.24235297527335767,9,Unbalanced
333,RFR,431,MSE,0.09739926522404639,9,Unbalanced
333,RFR,431,R2,0.9464160318931755,9,Unbalanced
333,RFR,431,RMSE,0.3120885534973149,9,Unbalanced
333,RFR,431,r,0.9823784218583793,9,Unbalanced
333,MR,431,MAE,1.1538689909265663,9,Unbalanced
333,MR,431,MSE,1.8191865679290005,9,Unbalanced
333,MR,431,R2,-0.0008210514939808178,9,Unbalanced
333,MR,431,RMSE,1.34877224464659,9,Unbalanced
268,1-NN,344,MAE,0.007468800807940863,0,Unbalanced
268,1-NN,344,MSE,0.011086095084475146,0,Unbalanced
268,1-NN,344,R2,0.9914850517374582,0,Unbalanced
268,1-NN,344,RMSE,0.10529052704054219,0,Unbalanced
268,1-NN,344,r,0.9957762977246123,0,Unbalanced
268,kNN,344,MAE,0.42902078869869076,0,Unbalanced
268,kNN,344,MSE,0.3417648854428588,0,Unbalanced
268,kNN,344,R2,0.7374990656922318,0,Unbalanced
268,kNN,344,RMSE,0.584606607423196,0,Unbalanced
268,kNN,344,r,0.8601445875647686,0,Unbalanced
268,SVR,344,MAE,0.10962891607087842,0,Unbalanced
268,SVR,344,MSE,0.026356007292571912,0,Unbalanced
268,SVR,344,R2,0.9797566197300887,0,Unbalanced
268,SVR,344,RMSE,0.16234533344870714,0,Unbalanced
268,SVR,344,r,0.9904684404931262,0,Unbalanced
268,RFR,344,MAE,0.23757229582724296,0,Unbalanced
268,RFR,344,MSE,0.09756540825749516,0,Unbalanced
268,RFR,344,R2,0.9250624861868867,0,Unbalanced
268,RFR,344,RMSE,0.31235461939515985,0,Unbalanced
268,RFR,344,r,0.9781721563560517,0,Unbalanced
268,MR,344,MAE,0.9177877045644001,0,Unbalanced
268,MR,344,MSE,1.3039755726657016,0,Unbalanced
268,MR,344,R2,-0.001550541670506389,0,Unbalanced
268,MR,344,RMSE,1.1419174981870195,0,Unbalanced
268,1-NN,344,MAE,0.007846935622652226,1,Unbalanced
268,1-NN,344,MSE,0.011723774404942915,1,Unbalanced
268,1-NN,344,R2,0.9921554480397882,1,Unbalanced
268,1-NN,344,RMSE,0.1082763797184913,1,Unbalanced
268,1-NN,344,r,0.9961087488084553,1,Unbalanced
268,kNN,344,MAE,0.40111863080817345,1,Unbalanced
268,kNN,344,MSE,0.29509331617167067,1,Unbalanced
268,kNN,344,R2,0.8025486697488913,1,Unbalanced
268,kNN,344,RMSE,0.5432249222667077,1,Unbalanced
268,kNN,344,r,0.8984771678556046,1,Unbalanced
268,SVR,344,MAE,0.09814877029701402,1,Unbalanced
268,SVR,344,MSE,0.01376597406030107,1,Unbalanced
268,SVR,344,R2,0.9907889818526847,1,Unbalanced
268,SVR,344,RMSE,0.11732848784630726,1,Unbalanced
268,SVR,344,r,0.9962827453636375,1,Unbalanced
268,RFR,344,MAE,0.23007526733188735,1,Unbalanced
268,RFR,344,MSE,0.08924255109408356,1,Unbalanced
268,RFR,344,R2,0.9402864807067393,1,Unbalanced
268,RFR,344,RMSE,0.2987349177683847,1,Unbalanced
268,RFR,344,r,0.9828826272987192,1,Unbalanced
268,MR,344,MAE,1.0021478366033645,1,Unbalanced
268,MR,344,MSE,1.495492266107152,1,Unbalanced
268,MR,344,R2,-0.0006561353335392539,1,Unbalanced
268,MR,344,RMSE,1.2229032120765535,1,Unbalanced
268,1-NN,344,MAE,0.010109003210976778,2,Unbalanced
268,1-NN,344,MSE,0.013484005127249983,2,Unbalanced
268,1-NN,344,R2,0.99070761379186,2,Unbalanced
268,1-NN,344,RMSE,0.11612064901321377,2,Unbalanced
268,1-NN,344,r,0.9953880575911012,2,Unbalanced
268,kNN,344,MAE,0.42353959248232304,2,Unbalanced
268,kNN,344,MSE,0.33891474050674986,2,Unbalanced
268,kNN,344,R2,0.7664398203130489,2,Unbalanced
268,kNN,344,RMSE,0.5821638433523245,2,Unbalanced
268,kNN,344,r,0.876196420264164,2,Unbalanced
268,SVR,344,MAE,0.10130578527246467,2,Unbalanced
268,SVR,344,MSE,0.015612877003677566,2,Unbalanced
268,SVR,344,R2,0.9892405200406543,2,Unbalanced
268,SVR,344,RMSE,0.12495149860516906,2,Unbalanced
268,SVR,344,r,0.9954257469214418,2,Unbalanced
268,RFR,344,MAE,0.2371291695396655,2,Unbalanced
268,RFR,344,MSE,0.10736815915455668,2,Unbalanced
268,RFR,344,R2,0.9260081561890755,2,Unbalanced
268,RFR,344,RMSE,0.3276708091279366,2,Unbalanced
268,RFR,344,r,0.9747763768792143,2,Unbalanced
268,MR,344,MAE,0.9719254940563707,2,Unbalanced
268,MR,344,MSE,1.4533918467620268,2,Unbalanced
268,MR,344,R2,-0.001592496029331425,2,Unbalanced
268,MR,344,RMSE,1.205567022924079,2,Unbalanced
268,1-NN,344,MAE,0.005359263930009615,3,Unbalanced
268,1-NN,344,MSE,0.004229982915308853,3,Unbalanced
268,1-NN,344,R2,0.9969898915819837,3,Unbalanced
268,1-NN,344,RMSE,0.06503831882289743,3,Unbalanced
268,1-NN,344,r,0.9984985337728116,3,Unbalanced
268,kNN,344,MAE,0.37094198763522945,3,Unbalanced
268,kNN,344,MSE,0.27603177557353137,3,Unbalanced
268,kNN,344,R2,0.8035723576360602,3,Unbalanced
268,kNN,344,RMSE,0.5253872624774333,3,Unbalanced
268,kNN,344,r,0.898353683411131,3,Unbalanced
268,SVR,344,MAE,0.09821928440205117,3,Unbalanced
268,SVR,344,MSE,0.011978019309477755,3,Unbalanced
268,SVR,344,R2,0.9914762925816716,3,Unbalanced
268,SVR,344,RMSE,0.10944413784884852,3,Unbalanced
268,SVR,344,r,0.996694183352107,3,Unbalanced
268,RFR,344,MAE,0.21369805303629816,3,Unbalanced
268,RFR,344,MSE,0.07818304756848656,3,Unbalanced
268,RFR,344,R2,0.9443639715942247,3,Unbalanced
268,RFR,344,RMSE,0.2796123165536285,3,Unbalanced
268,RFR,344,r,0.9830458988449643,3,Unbalanced
268,MR,344,MAE,0.9605712572867569,3,Unbalanced
268,MR,344,MSE,1.4098910025180833,3,Unbalanced
268,MR,344,R2,-0.0032959612687233353,3,Unbalanced
268,MR,344,RMSE,1.1873883115973827,3,Unbalanced
268,1-NN,344,MAE,0.0026402024030359145,4,Unbalanced
268,1-NN,344,MSE,0.0023979100427748367,4,Unbalanced
268,1-NN,344,R2,0.9983124417599115,4,Unbalanced
268,1-NN,344,RMSE,0.04896845967329212,4,Unbalanced
268,1-NN,344,r,0.9991585298120239,4,Unbalanced
268,kNN,344,MAE,0.4228483347218638,4,Unbalanced
268,kNN,344,MSE,0.31233295355084234,4,Unbalanced
268,kNN,344,R2,0.7801919004409457,4,Unbalanced
268,kNN,344,RMSE,0.558867563516476,4,Unbalanced
268,kNN,344,r,0.8857902125176935,4,Unbalanced
268,SVR,344,MAE,0.10287221607905228,4,Unbalanced
268,SVR,344,MSE,0.015773091935107557,4,Unbalanced
268,SVR,344,R2,0.9888994954806718,4,Unbalanced
268,SVR,344,RMSE,0.12559097075469858,4,Unbalanced
268,SVR,344,r,0.9952985577130976,4,Unbalanced
268,RFR,344,MAE,0.23097081665909844,4,Unbalanced
268,RFR,344,MSE,0.08984593335918581,4,Unbalanced
268,RFR,344,R2,0.9367698360346812,4,Unbalanced
268,RFR,344,RMSE,0.2997431122798084,4,Unbalanced
268,RFR,344,r,0.9835398627916045,4,Unbalanced
268,MR,344,MAE,0.9558810339796434,4,Unbalanced
268,MR,344,MSE,1.4210189198770282,4,Unbalanced
268,MR,344,R2,-5.92786146220714e-05,4,Unbalanced
268,MR,344,RMSE,1.192064981398677,4,Unbalanced
268,1-NN,344,MAE,0.0025665308165803975,5,Unbalanced
268,1-NN,344,MSE,0.0022659556687651536,5,Unbalanced
268,1-NN,344,R2,0.9986112318593982,5,Unbalanced
268,1-NN,344,RMSE,0.04760205529979933,5,Unbalanced
268,1-NN,344,r,0.9993074773745676,5,Unbalanced
268,kNN,344,MAE,0.3991755028778198,5,Unbalanced
268,kNN,344,MSE,0.3295492232610121,5,Unbalanced
268,kNN,344,R2,0.7980245296350493,5,Unbalanced
268,kNN,344,RMSE,0.5740637797849748,5,Unbalanced
268,kNN,344,r,0.8940286568494068,5,Unbalanced
268,SVR,344,MAE,0.09661455697753207,5,Unbalanced
268,SVR,344,MSE,0.011151152709015953,5,Unbalanced
268,SVR,344,R2,0.9931656361036815,5,Unbalanced
268,SVR,344,RMSE,0.10559901850403702,5,Unbalanced
268,SVR,344,r,0.997409258225444,5,Unbalanced
268,RFR,344,MAE,0.2978994582069849,5,Unbalanced
268,RFR,344,MSE,0.14835877708866027,5,Unbalanced
268,RFR,344,R2,0.9090732683611333,5,Unbalanced
268,RFR,344,RMSE,0.38517369729598655,5,Unbalanced
268,RFR,344,r,0.9679021649028137,5,Unbalanced
268,MR,344,MAE,1.0421083842308632,5,Unbalanced
268,MR,344,MSE,1.6323501705857144,5,Unbalanced
268,MR,344,R2,-0.0004414218971766637,5,Unbalanced
268,MR,344,RMSE,1.2776345997920198,5,Unbalanced
268,1-NN,344,MAE,0.004339633371884963,6,Unbalanced
268,1-NN,344,MSE,0.0032450308995542864,6,Unbalanced
268,1-NN,344,R2,0.9977422915343195,6,Unbalanced
268,1-NN,344,RMSE,0.056965172689585404,6,Unbalanced
268,1-NN,344,r,0.9988811850496429,6,Unbalanced
268,kNN,344,MAE,0.4011654080523391,6,Unbalanced
268,kNN,344,MSE,0.33480413467594866,6,Unbalanced
268,kNN,344,R2,0.7670622707147287,6,Unbalanced
268,kNN,344,RMSE,0.5786226185312399,6,Unbalanced
268,kNN,344,r,0.877165734387285,6,Unbalanced
268,SVR,344,MAE,0.09536382956541077,6,Unbalanced
268,SVR,344,MSE,0.011250453030466073,6,Unbalanced
268,SVR,344,R2,0.9921725728241563,6,Unbalanced
268,SVR,344,RMSE,0.1060681527625803,6,Unbalanced
268,SVR,344,r,0.99698819285825,6,Unbalanced
268,RFR,344,MAE,0.23524778844513755,6,Unbalanced
268,RFR,344,MSE,0.09429558732284417,6,Unbalanced
268,RFR,344,R2,0.9343944780913058,6,Unbalanced
268,RFR,344,RMSE,0.3070758657446791,6,Unbalanced
268,RFR,344,r,0.9823821039232006,6,Unbalanced
268,MR,344,MAE,0.9517907604069928,6,Unbalanced
268,MR,344,MSE,1.4382228248870796,6,Unbalanced
268,MR,344,R2,-0.0006338761607633803,6,Unbalanced
268,MR,344,RMSE,1.1992592817598202,6,Unbalanced
268,1-NN,344,MAE,0.0022620675883245514,7,Unbalanced
268,1-NN,344,MSE,0.0017602307223070675,7,Unbalanced
268,1-NN,344,R2,0.9988300371710742,7,Unbalanced
268,1-NN,344,RMSE,0.04195510365029584,7,Unbalanced
268,1-NN,344,r,0.9994223989598554,7,Unbalanced
268,kNN,344,MAE,0.46612583216362,7,Unbalanced
268,kNN,344,MSE,0.38082694788542887,7,Unbalanced
268,kNN,344,R2,0.7468778566168636,7,Unbalanced
268,kNN,344,RMSE,0.6171117790849797,7,Unbalanced
268,kNN,344,r,0.8655797983745781,7,Unbalanced
268,SVR,344,MAE,0.09543628714342171,7,Unbalanced
268,SVR,344,MSE,0.010180578454304296,7,Unbalanced
268,SVR,344,R2,0.9932333311664464,7,Unbalanced
268,SVR,344,RMSE,0.10089885259161423,7,Unbalanced
268,SVR,344,r,0.99760256548005,7,Unbalanced
268,RFR,344,MAE,0.24368756124516283,7,Unbalanced
268,RFR,344,MSE,0.10295563041311666,7,Unbalanced
268,RFR,344,R2,0.9315690499628972,7,Unbalanced
268,RFR,344,RMSE,0.320866998011819,7,Unbalanced
268,RFR,344,r,0.9817157175688197,7,Unbalanced
268,MR,344,MAE,0.9892640322992599,7,Unbalanced
268,MR,344,MSE,1.5177080806156558,7,Unbalanced
268,MR,344,R2,-0.008766644609709662,7,Unbalanced
268,MR,344,RMSE,1.2319529538970455,7,Unbalanced
268,1-NN,344,MAE,0.010381495344861786,8,Unbalanced
268,1-NN,344,MSE,0.013280416732417083,8,Unbalanced
268,1-NN,344,R2,0.9898662694526129,8,Unbalanced
268,1-NN,344,RMSE,0.11524069043708947,8,Unbalanced
268,1-NN,344,r,0.9949897326630719,8,Unbalanced
268,kNN,344,MAE,0.39061792092485614,8,Unbalanced
268,kNN,344,MSE,0.29990189270998224,8,Unbalanced
268,kNN,344,R2,0.7711574092433459,8,Unbalanced
268,kNN,344,RMSE,0.547632990888955,8,Unbalanced
268,kNN,344,r,0.8793476408608849,8,Unbalanced
268,SVR,344,MAE,0.09997259993232592,8,Unbalanced
268,SVR,344,MSE,0.014911096643508183,8,Unbalanced
268,SVR,344,R2,0.9886219658165909,8,Unbalanced
268,SVR,344,RMSE,0.12211100132055336,8,Unbalanced
268,SVR,344,r,0.9952573465830656,8,Unbalanced
268,RFR,344,MAE,0.28522293795290077,8,Unbalanced
268,RFR,344,MSE,0.1458702680966242,8,Unbalanced
268,RFR,344,R2,0.8886924995239015,8,Unbalanced
268,RFR,344,RMSE,0.3819296638081732,8,Unbalanced
268,RFR,344,r,0.9627847115967356,8,Unbalanced
268,MR,344,MAE,0.9237368076514261,8,Unbalanced
268,MR,344,MSE,1.3106012427887175,8,Unbalanced
268,MR,344,R2,-6.499171613238985e-05,8,Unbalanced
268,MR,344,RMSE,1.1448149382274488,8,Unbalanced
268,1-NN,344,MAE,0.0,9,Unbalanced
268,1-NN,344,MSE,0.0,9,Unbalanced
268,1-NN,344,R2,1.0,9,Unbalanced
268,1-NN,344,RMSE,0.0,9,Unbalanced
268,1-NN,344,r,1.0,9,Unbalanced
268,kNN,344,MAE,0.40502666827681366,9,Unbalanced
268,kNN,344,MSE,0.30479009769982196,9,Unbalanced
268,kNN,344,R2,0.786762246526049,9,Unbalanced
268,kNN,344,RMSE,0.5520779815386789,9,Unbalanced
268,kNN,344,r,0.8884761051209118,9,Unbalanced
268,SVR,344,MAE,0.1016059733467849,9,Unbalanced
268,SVR,344,MSE,0.013508023137044346,9,Unbalanced
268,SVR,344,R2,0.9905494944574796,9,Unbalanced
268,SVR,344,RMSE,0.11622402134259659,9,Unbalanced
268,SVR,344,r,0.9963934364104904,9,Unbalanced
268,RFR,344,MAE,0.2352668353848534,9,Unbalanced
268,RFR,344,MSE,0.09492161342887032,9,Unbalanced
268,RFR,344,R2,0.9335907834393304,9,Unbalanced
268,RFR,344,RMSE,0.30809351409737645,9,Unbalanced
268,RFR,344,r,0.979768531267122,9,Unbalanced
268,MR,344,MAE,0.9649465104520407,9,Unbalanced
268,MR,344,MSE,1.4294844827151818,9,Unbalanced
268,MR,344,R2,-9.830378500641501e-05,9,Unbalanced
268,MR,344,RMSE,1.1956105062750084,9,Unbalanced
280,1-NN,384,MAE,0.00019568038605699092,0,Unbalanced
280,1-NN,384,MSE,1.4703672379166597e-05,0,Unbalanced
280,1-NN,384,R2,0.9999918383185962,0,Unbalanced
280,1-NN,384,RMSE,0.003834536788083614,0,Unbalanced
280,1-NN,384,r,0.9999959361628818,0,Unbalanced
280,kNN,384,MAE,0.43911507706124714,0,Unbalanced
280,kNN,384,MSE,0.338450986787036,0,Unbalanced
280,kNN,384,R2,0.8121333872429823,0,Unbalanced
280,kNN,384,RMSE,0.5817654052855291,0,Unbalanced
280,kNN,384,r,0.9019121129458589,0,Unbalanced
280,SVR,384,MAE,0.09899888677066737,0,Unbalanced
280,SVR,384,MSE,0.015245546805077115,0,Unbalanced
280,SVR,384,R2,0.9915375361582248,0,Unbalanced
280,SVR,384,RMSE,0.1234728585766002,0,Unbalanced
280,SVR,384,r,0.9963993588933425,0,Unbalanced
280,RFR,384,MAE,0.22973789606194486,0,Unbalanced
280,RFR,384,MSE,0.09551737031303546,0,Unbalanced
280,RFR,384,R2,0.9469804328522791,0,Unbalanced
280,RFR,384,RMSE,0.3090588460358892,0,Unbalanced
280,RFR,384,r,0.9807593429163618,0,Unbalanced
280,MR,384,MAE,1.1230140196104303,0,Unbalanced
280,MR,384,MSE,1.802124378414437,0,Unbalanced
280,MR,384,R2,-0.00031914799113330616,0,Unbalanced
280,MR,384,RMSE,1.3424322621325953,0,Unbalanced
280,1-NN,384,MAE,0.0017220036255312446,1,Unbalanced
280,1-NN,384,MSE,0.0009677415847683135,1,Unbalanced
280,1-NN,384,R2,0.9994898715781232,1,Unbalanced
280,1-NN,384,RMSE,0.031108545204948327,1,Unbalanced
280,1-NN,384,r,0.9997462447687618,1,Unbalanced
280,kNN,384,MAE,0.42267304890072177,1,Unbalanced
280,kNN,384,MSE,0.3360072129108291,1,Unbalanced
280,kNN,384,R2,0.8228795455736719,1,Unbalanced
280,kNN,384,RMSE,0.5796612915408696,1,Unbalanced
280,kNN,384,r,0.9078527103395808,1,Unbalanced
280,SVR,384,MAE,0.09519043598499925,1,Unbalanced
280,SVR,384,MSE,0.00987924110011225,1,Unbalanced
280,SVR,384,R2,0.9947923270519091,1,Unbalanced
280,SVR,384,RMSE,0.0993943715715948,1,Unbalanced
280,SVR,384,r,0.9978955118058594,1,Unbalanced
280,RFR,384,MAE,0.23513578281084768,1,Unbalanced
280,RFR,384,MSE,0.09540793761281953,1,Unbalanced
280,RFR,384,R2,0.9497073377697223,1,Unbalanced
280,RFR,384,RMSE,0.3088817534475281,1,Unbalanced
280,RFR,384,r,0.9817561584263317,1,Unbalanced
280,MR,384,MAE,1.1568758967320496,1,Unbalanced
280,MR,384,MSE,1.9029591901030785,1,Unbalanced
280,MR,384,R2,-0.0031123843620075586,1,Unbalanced
280,MR,384,RMSE,1.379477868652875,1,Unbalanced
280,1-NN,384,MAE,0.0015812490390113888,2,Unbalanced
280,1-NN,384,MSE,0.0009601338329757853,2,Unbalanced
280,1-NN,384,R2,0.9995039263092607,2,Unbalanced
280,1-NN,384,RMSE,0.030986026414753235,2,Unbalanced
280,1-NN,384,r,0.9997527302960179,2,Unbalanced
280,kNN,384,MAE,0.4326279600999292,2,Unbalanced
280,kNN,384,MSE,0.34965772920284843,2,Unbalanced
280,kNN,384,R2,0.8193418518711989,2,Unbalanced
280,kNN,384,RMSE,0.5913186359340017,2,Unbalanced
280,kNN,384,r,0.9055859633250862,2,Unbalanced
280,SVR,384,MAE,0.09774561054484972,2,Unbalanced
280,SVR,384,MSE,0.011303094922948348,2,Unbalanced
280,SVR,384,R2,0.9941600141327942,2,Unbalanced
280,SVR,384,RMSE,0.10631601442373743,2,Unbalanced
280,SVR,384,r,0.9976039650461666,2,Unbalanced
280,RFR,384,MAE,0.2323484830196998,2,Unbalanced
280,RFR,384,MSE,0.09042141479254522,2,Unbalanced
280,RFR,384,R2,0.9532818411168863,2,Unbalanced
280,RFR,384,RMSE,0.3007015377289335,2,Unbalanced
280,RFR,384,r,0.9836669185154776,2,Unbalanced
280,MR,384,MAE,1.1613492088551003,2,Unbalanced
280,MR,384,MSE,1.9448238765370423,2,Unbalanced
280,MR,384,R2,-0.004834873156855046,2,Unbalanced
280,MR,384,RMSE,1.394569423347953,2,Unbalanced
280,1-NN,384,MAE,0.0001407545865198557,3,Unbalanced
280,1-NN,384,MSE,7.6077517925282104e-06,3,Unbalanced
280,1-NN,384,R2,0.9999959114192185,3,Unbalanced
280,1-NN,384,RMSE,0.0027582153274405916,3,Unbalanced
280,1-NN,384,r,0.9999979623659806,3,Unbalanced
280,kNN,384,MAE,0.4370585841315204,3,Unbalanced
280,kNN,384,MSE,0.3550941779846002,3,Unbalanced
280,kNN,384,R2,0.8091642220568421,3,Unbalanced
280,kNN,384,RMSE,0.595897791558754,3,Unbalanced
280,kNN,384,r,0.9003938302395503,3,Unbalanced
280,SVR,384,MAE,0.0947745662274566,3,Unbalanced
280,SVR,384,MSE,0.009285560676643503,3,Unbalanced
280,SVR,384,R2,0.9950097261368152,3,Unbalanced
280,SVR,384,RMSE,0.09636161412431563,3,Unbalanced
280,SVR,384,r,0.9980594076278764,3,Unbalanced
280,RFR,384,MAE,0.23428397081993257,3,Unbalanced
280,RFR,384,MSE,0.09391959788333955,3,Unbalanced
280,RFR,384,R2,0.9495254480715453,3,Unbalanced
280,RFR,384,RMSE,0.30646304489014586,3,Unbalanced
280,RFR,384,r,0.9826536032702218,3,Unbalanced
280,MR,384,MAE,1.1489052684402585,3,Unbalanced
280,MR,384,MSE,1.861191654635556,3,Unbalanced
280,MR,384,R2,-0.0002472001359963283,3,Unbalanced
280,MR,384,RMSE,1.3642549815322487,3,Unbalanced
280,1-NN,384,MAE,0.0016786779739932968,4,Unbalanced
280,1-NN,384,MSE,0.001082096540302172,4,Unbalanced
280,1-NN,384,R2,0.9993728569653337,4,Unbalanced
280,1-NN,384,RMSE,0.032895235829861015,4,Unbalanced
280,1-NN,384,r,0.9996877353912095,4,Unbalanced
280,kNN,384,MAE,0.4291890158496727,4,Unbalanced
280,kNN,384,MSE,0.33668954786144817,4,Unbalanced
280,kNN,384,R2,0.8048672212487741,4,Unbalanced
280,kNN,384,RMSE,0.5802495565370543,4,Unbalanced
280,kNN,384,r,0.8975285291843015,4,Unbalanced
280,SVR,384,MAE,0.10175333980711805,4,Unbalanced
280,SVR,384,MSE,0.014036425077367664,4,Unbalanced
280,SVR,384,R2,0.9918650084433056,4,Unbalanced
280,SVR,384,RMSE,0.11847541971804812,4,Unbalanced
280,SVR,384,r,0.9965896483743687,4,Unbalanced
280,RFR,384,MAE,0.24377200061323076,4,Unbalanced
280,RFR,384,MSE,0.10116207803299963,4,Unbalanced
280,RFR,384,R2,0.9413702102835968,4,Unbalanced
280,RFR,384,RMSE,0.3180598654860428,4,Unbalanced
280,RFR,384,r,0.9786697665177206,4,Unbalanced
280,MR,384,MAE,1.087240032158719,4,Unbalanced
280,MR,384,MSE,1.7304519549613524,4,Unbalanced
280,MR,384,R2,-0.002905794408724738,4,Unbalanced
280,MR,384,RMSE,1.3154664400741483,4,Unbalanced
280,1-NN,384,MAE,0.0002822496964791689,5,Unbalanced
280,1-NN,384,MSE,3.0591318206431866e-05,5,Unbalanced
280,1-NN,384,R2,0.999983702226718,5,Unbalanced
280,1-NN,384,RMSE,0.005530941891435117,5,Unbalanced
280,1-NN,384,r,0.9999918800299615,5,Unbalanced
280,kNN,384,MAE,0.45211144981732376,5,Unbalanced
280,kNN,384,MSE,0.4089021279487528,5,Unbalanced
280,kNN,384,R2,0.7821540696315283,5,Unbalanced
280,kNN,384,RMSE,0.6394545550301075,5,Unbalanced
280,kNN,384,r,0.8853171061077911,5,Unbalanced
280,SVR,384,MAE,0.10063145708333403,5,Unbalanced
280,SVR,384,MSE,0.016890862204412837,5,Unbalanced
280,SVR,384,R2,0.991001255948203,5,Unbalanced
280,SVR,384,RMSE,0.1299648498803151,5,Unbalanced
280,SVR,384,r,0.9962609812263787,5,Unbalanced
280,RFR,384,MAE,0.30022974187218693,5,Unbalanced
280,RFR,384,MSE,0.1549930249379278,5,Unbalanced
280,RFR,384,R2,0.9174262068832807,5,Unbalanced
280,RFR,384,RMSE,0.3936915352632411,5,Unbalanced
280,RFR,384,r,0.966691039762773,5,Unbalanced
280,MR,384,MAE,1.1469483437696812,5,Unbalanced
280,MR,384,MSE,1.8781589819858837,5,Unbalanced
280,MR,384,R2,-0.0006044548193073762,5,Unbalanced
280,MR,384,RMSE,1.3704594054498236,5,Unbalanced
280,1-NN,384,MAE,0.0033627983516510093,6,Unbalanced
280,1-NN,384,MSE,0.001853918497365466,6,Unbalanced
280,1-NN,384,R2,0.9990444578294995,6,Unbalanced
280,1-NN,384,RMSE,0.043057153846549893,6,Unbalanced
280,1-NN,384,r,0.9995234836848579,6,Unbalanced
280,kNN,384,MAE,0.44832290515057877,6,Unbalanced
280,kNN,384,MSE,0.40728358554617095,6,Unbalanced
280,kNN,384,R2,0.7900788832437411,6,Unbalanced
280,kNN,384,RMSE,0.63818773534609,6,Unbalanced
280,kNN,384,r,0.8903550766137204,6,Unbalanced
280,SVR,384,MAE,0.09747731404688083,6,Unbalanced
280,SVR,384,MSE,0.011153436296296134,6,Unbalanced
280,SVR,384,R2,0.9942513229452925,6,Unbalanced
280,SVR,384,RMSE,0.10560983049080296,6,Unbalanced
280,SVR,384,r,0.9975383904455651,6,Unbalanced
280,RFR,384,MAE,0.2915519328383052,6,Unbalanced
280,RFR,384,MSE,0.14442791679917488,6,Unbalanced
280,RFR,384,R2,0.925559313801941,6,Unbalanced
280,RFR,384,RMSE,0.3800367308552884,6,Unbalanced
280,RFR,384,r,0.9716462654668516,6,Unbalanced
280,MR,384,MAE,1.1657213504425528,6,Unbalanced
280,MR,384,MSE,1.9406702401161315,6,Unbalanced
280,MR,384,R2,-0.0002555431113309137,6,Unbalanced
280,MR,384,RMSE,1.393079409120719,6,Unbalanced
280,1-NN,384,MAE,0.0017815493126396205,7,Unbalanced
280,1-NN,384,MSE,0.0008937846643896809,7,Unbalanced
280,1-NN,384,R2,0.9995160986962369,7,Unbalanced
280,1-NN,384,RMSE,0.02989623160851014,7,Unbalanced
280,1-NN,384,r,0.9997588822175745,7,Unbalanced
280,kNN,384,MAE,0.4164170737375891,7,Unbalanced
280,kNN,384,MSE,0.31127955555222686,7,Unbalanced
280,kNN,384,R2,0.8314710592295034,7,Unbalanced
280,kNN,384,RMSE,0.5579243278010262,7,Unbalanced
280,kNN,384,r,0.912355382859005,7,Unbalanced
280,SVR,384,MAE,0.09625545488058246,7,Unbalanced
280,SVR,384,MSE,0.01101222616760051,7,Unbalanced
280,SVR,384,R2,0.9940379032980228,7,Unbalanced
280,SVR,384,RMSE,0.10493915459732135,7,Unbalanced
280,SVR,384,r,0.9975546085790292,7,Unbalanced
280,RFR,384,MAE,0.22907541396790507,7,Unbalanced
280,RFR,384,MSE,0.09211781095549294,7,Unbalanced
280,RFR,384,R2,0.9501267692351824,7,Unbalanced
280,RFR,384,RMSE,0.3035091612381625,7,Unbalanced
280,RFR,384,r,0.9827936829734425,7,Unbalanced
280,MR,384,MAE,1.1290562212088657,7,Unbalanced
280,MR,384,MSE,1.8473581354607,7,Unbalanced
280,MR,384,R2,-0.00017268798983294253,7,Unbalanced
280,MR,384,RMSE,1.359175535190617,7,Unbalanced
280,1-NN,384,MAE,0.0002822496964791689,8,Unbalanced
280,1-NN,384,MSE,3.0591318206431866e-05,8,Unbalanced
280,1-NN,384,R2,0.99998333968842,8,Unbalanced
280,1-NN,384,RMSE,0.005530941891435117,8,Unbalanced
280,1-NN,384,r,0.9999917002521486,8,Unbalanced
280,kNN,384,MAE,0.42679172923259884,8,Unbalanced
280,kNN,384,MSE,0.3308952273649824,8,Unbalanced
280,kNN,384,R2,0.8197914339280042,8,Unbalanced
280,kNN,384,RMSE,0.575234932323292,8,Unbalanced
280,kNN,384,r,0.9076326621309012,8,Unbalanced
280,SVR,384,MAE,0.09664164543477272,8,Unbalanced
280,SVR,384,MSE,0.011523112402031332,8,Unbalanced
280,SVR,384,R2,0.9937244076344262,8,Unbalanced
280,SVR,384,RMSE,0.10734576098771359,8,Unbalanced
280,SVR,384,r,0.9974600408136859,8,Unbalanced
280,RFR,384,MAE,0.23234989719343935,8,Unbalanced
280,RFR,384,MSE,0.08884687614780003,8,Unbalanced
280,RFR,384,R2,0.9516131789567611,8,Unbalanced
280,RFR,384,RMSE,0.29807193116393904,8,Unbalanced
280,RFR,384,r,0.9824240294073364,8,Unbalanced
280,MR,384,MAE,1.1272415731646066,8,Unbalanced
280,MR,384,MSE,1.8363533583228062,8,Unbalanced
280,MR,384,R2,-9.482802189153539e-05,8,Unbalanced
280,MR,384,RMSE,1.3551211600158881,8,Unbalanced
280,1-NN,384,MAE,0.0001407545865198557,9,Unbalanced
280,1-NN,384,MSE,7.6077517925282104e-06,9,Unbalanced
280,1-NN,384,R2,0.9999959257585112,9,Unbalanced
280,1-NN,384,RMSE,0.0027582153274405916,9,Unbalanced
280,1-NN,384,r,0.9999979694877503,9,Unbalanced
280,kNN,384,MAE,0.41108460134962416,9,Unbalanced
280,kNN,384,MSE,0.2995619370195179,9,Unbalanced
280,kNN,384,R2,0.8395731478165182,9,Unbalanced
280,kNN,384,RMSE,0.5473225164558077,9,Unbalanced
280,kNN,384,r,0.9171165409637115,9,Unbalanced
280,SVR,384,MAE,0.0939001685265452,9,Unbalanced
280,SVR,384,MSE,0.009183063261125012,9,Unbalanced
280,SVR,384,R2,0.9950821190868182,9,Unbalanced
280,SVR,384,RMSE,0.09582830094040597,9,Unbalanced
280,SVR,384,r,0.998095404170926,9,Unbalanced
280,RFR,384,MAE,0.22451518165454187,9,Unbalanced
280,RFR,384,MSE,0.08889362090418246,9,Unbalanced
280,RFR,384,R2,0.9523940727492339,9,Unbalanced
280,RFR,384,RMSE,0.2981503327252587,9,Unbalanced
280,RFR,384,r,0.9834810424844236,9,Unbalanced
280,MR,384,MAE,1.1443313269268323,9,Unbalanced
280,MR,384,MSE,1.8714555668239565,9,Unbalanced
280,MR,384,R2,-0.002235893431479452,9,Unbalanced
280,MR,384,RMSE,1.3680115375332025,9,Unbalanced
203,1-NN,721,MAE,0.0023845504690004557,0,Unbalanced
203,1-NN,721,MSE,0.0012047718479646417,0,Unbalanced
203,1-NN,721,R2,0.9992635578871899,0,Unbalanced
203,1-NN,721,RMSE,0.034709823508117146,0,Unbalanced
203,1-NN,721,r,0.9996317873356861,0,Unbalanced
203,kNN,721,MAE,0.3851575318947693,0,Unbalanced
203,kNN,721,MSE,0.2961814702696664,0,Unbalanced
203,kNN,721,R2,0.8189528514389796,0,Unbalanced
203,kNN,721,RMSE,0.5442255692905896,0,Unbalanced
203,kNN,721,r,0.9071556269104547,0,Unbalanced
203,SVR,721,MAE,0.0965970922095617,0,Unbalanced
203,SVR,721,MSE,0.01015219363920063,0,Unbalanced
203,SVR,721,R2,0.9937942582689487,0,Unbalanced
203,SVR,721,RMSE,0.10075809465844732,0,Unbalanced
203,SVR,721,r,0.9975123450129868,0,Unbalanced
203,RFR,721,MAE,0.21579793633170657,0,Unbalanced
203,RFR,721,MSE,0.07688546241413499,0,Unbalanced
203,RFR,721,R2,0.9530021451942928,0,Unbalanced
203,RFR,721,RMSE,0.2772822793005983,0,Unbalanced
203,RFR,721,r,0.9837081796343018,0,Unbalanced
203,MR,721,MAE,1.0855059369072872,0,Unbalanced
203,MR,721,MSE,1.6360988248432848,0,Unbalanced
203,MR,721,R2,-9.97926447590114e-05,0,Unbalanced
203,MR,721,RMSE,1.2791007876016982,0,Unbalanced
203,1-NN,721,MAE,0.002682898760795123,1,Unbalanced
203,1-NN,721,MSE,0.0013506490877856576,1,Unbalanced
203,1-NN,721,R2,0.9991548347915143,1,Unbalanced
203,1-NN,721,RMSE,0.03675117804622945,1,Unbalanced
203,1-NN,721,r,0.9995774282840694,1,Unbalanced
203,kNN,721,MAE,0.4028307856336322,1,Unbalanced
203,kNN,721,MSE,0.3133543879984671,1,Unbalanced
203,kNN,721,R2,0.8039192940212171,1,Unbalanced
203,kNN,721,RMSE,0.5597806606149118,1,Unbalanced
203,kNN,721,r,0.8978760758087083,1,Unbalanced
203,SVR,721,MAE,0.09799098145016825,1,Unbalanced
203,SVR,721,MSE,0.014233595079478266,1,Unbalanced
203,SVR,721,R2,0.9910933643226535,1,Unbalanced
203,SVR,721,RMSE,0.11930463142509709,1,Unbalanced
203,SVR,721,r,0.9962881551795257,1,Unbalanced
203,RFR,721,MAE,0.22140876739784485,1,Unbalanced
203,RFR,721,MSE,0.08256851428245669,1,Unbalanced
203,RFR,721,R2,0.9483329635958296,1,Unbalanced
203,RFR,721,RMSE,0.2873473756317546,1,Unbalanced
203,RFR,721,r,0.981866965707525,1,Unbalanced
203,MR,721,MAE,1.0692770718881845,1,Unbalanced
203,MR,721,MSE,1.5982337604511136,1,Unbalanced
203,MR,721,R2,-9.068349128193987e-05,1,Unbalanced
203,MR,721,RMSE,1.2642127038007147,1,Unbalanced
203,1-NN,721,MAE,0.002076657685976386,2,Unbalanced
203,1-NN,721,MSE,0.0009386282898647368,2,Unbalanced
203,1-NN,721,R2,0.9994351629599297,2,Unbalanced
203,1-NN,721,RMSE,0.030637041140827173,2,Unbalanced
203,1-NN,721,r,0.9997193116491082,2,Unbalanced
203,kNN,721,MAE,0.38408707664259756,2,Unbalanced
203,kNN,721,MSE,0.2896401999471475,2,Unbalanced
203,kNN,721,R2,0.8257036198566977,2,Unbalanced
203,kNN,721,RMSE,0.5381823110686076,2,Unbalanced
203,kNN,721,r,0.9099312493465591,2,Unbalanced
203,SVR,721,MAE,0.09342824403726804,2,Unbalanced
203,SVR,721,MSE,0.009450595050245513,2,Unbalanced
203,SVR,721,R2,0.9943129285653076,2,Unbalanced
203,SVR,721,RMSE,0.09721417103614839,2,Unbalanced
203,SVR,721,r,0.9975889499658083,2,Unbalanced
203,RFR,721,MAE,0.20146034851647016,2,Unbalanced
203,RFR,721,MSE,0.07043728164685271,2,Unbalanced
203,RFR,721,R2,0.9576130550233671,2,Unbalanced
203,RFR,721,RMSE,0.265400229176338,2,Unbalanced
203,RFR,721,r,0.9850830876538625,2,Unbalanced
203,MR,721,MAE,1.0903603990279473,2,Unbalanced
203,MR,721,MSE,1.6673570785991705,2,Unbalanced
203,MR,721,R2,-0.0033631493804284762,2,Unbalanced
203,MR,721,RMSE,1.2912618164412555,2,Unbalanced
203,1-NN,721,MAE,0.0015705639845597337,3,Unbalanced
203,1-NN,721,MSE,0.0009128814261264161,3,Unbalanced
203,1-NN,721,R2,0.999433212489077,3,Unbalanced
203,1-NN,721,RMSE,0.030213927684536748,3,Unbalanced
203,1-NN,721,r,0.99971786549125,3,Unbalanced
203,kNN,721,MAE,0.3869513754629478,3,Unbalanced
203,kNN,721,MSE,0.3036942168054807,3,Unbalanced
203,kNN,721,R2,0.8114431027967433,3,Unbalanced
203,kNN,721,RMSE,0.5510845822607277,3,Unbalanced
203,kNN,721,r,0.9023846827558529,3,Unbalanced
203,SVR,721,MAE,0.09456215765066289,3,Unbalanced
203,SVR,721,MSE,0.009910469601152402,3,Unbalanced
203,SVR,721,R2,0.9938468127003637,3,Unbalanced
203,SVR,721,RMSE,0.09955134153366493,3,Unbalanced
203,SVR,721,r,0.9975136796851906,3,Unbalanced
203,RFR,721,MAE,0.21269700720141554,3,Unbalanced
203,RFR,721,MSE,0.07797377097651943,3,Unbalanced
203,RFR,721,R2,0.9515878422933982,3,Unbalanced
203,RFR,721,RMSE,0.2792378394425072,3,Unbalanced
203,RFR,721,r,0.9832253259098608,3,Unbalanced
203,MR,721,MAE,1.0683059553467267,3,Unbalanced
203,MR,721,MSE,1.6108689091409387,3,Unbalanced
203,MR,721,R2,-0.00015221397304099327,3,Unbalanced
203,MR,721,RMSE,1.2692001060277842,3,Unbalanced
203,1-NN,721,MAE,0.002061913337775413,4,Unbalanced
203,1-NN,721,MSE,0.0007159572518626746,4,Unbalanced
203,1-NN,721,R2,0.9995818122598699,4,Unbalanced
203,1-NN,721,RMSE,0.02675737752214657,4,Unbalanced
203,1-NN,721,r,0.9997912070749153,4,Unbalanced
203,kNN,721,MAE,0.399216402198453,4,Unbalanced
203,kNN,721,MSE,0.3135256421581095,4,Unbalanced
203,kNN,721,R2,0.816870938277612,4,Unbalanced
203,kNN,721,RMSE,0.5599336051337779,4,Unbalanced
203,kNN,721,r,0.9051439350214467,4,Unbalanced
203,SVR,721,MAE,0.09712980549315435,4,Unbalanced
203,SVR,721,MSE,0.010700722537807099,4,Unbalanced
203,SVR,721,R2,0.9937497511699155,4,Unbalanced
203,SVR,721,RMSE,0.10344429678724244,4,Unbalanced
203,SVR,721,r,0.9973473990167104,4,Unbalanced
203,RFR,721,MAE,0.2145172337921662,4,Unbalanced
203,RFR,721,MSE,0.07926589702360379,4,Unbalanced
203,RFR,721,R2,0.9537011095851748,4,Unbalanced
203,RFR,721,RMSE,0.2815419986851052,4,Unbalanced
203,RFR,721,r,0.9835593484080654,4,Unbalanced
203,MR,721,MAE,1.1067873635515295,4,Unbalanced
203,MR,721,MSE,1.7170732322453715,4,Unbalanced
203,MR,721,R2,-0.0029355422582924007,4,Unbalanced
203,MR,721,RMSE,1.3103714100381507,4,Unbalanced
203,1-NN,721,MAE,0.0021593035824339674,5,Unbalanced
203,1-NN,721,MSE,0.0007419121851975744,5,Unbalanced
203,1-NN,721,R2,0.9995418902771216,5,Unbalanced
203,1-NN,721,RMSE,0.02723806500465065,5,Unbalanced
203,1-NN,721,r,0.9997709323199072,5,Unbalanced
203,kNN,721,MAE,0.3846979742671942,5,Unbalanced
203,kNN,721,MSE,0.29416322607476186,5,Unbalanced
203,kNN,721,R2,0.818362554670484,5,Unbalanced
203,kNN,721,RMSE,0.5423681646951284,5,Unbalanced
203,kNN,721,r,0.9050299546098953,5,Unbalanced
203,SVR,721,MAE,0.09377399757074636,5,Unbalanced
203,SVR,721,MSE,0.009381063896053142,5,Unbalanced
203,SVR,721,R2,0.9942074592283707,5,Unbalanced
203,SVR,721,RMSE,0.09685589241782423,5,Unbalanced
203,SVR,721,r,0.9976891599178781,5,Unbalanced
203,RFR,721,MAE,0.20604735826767492,5,Unbalanced
203,RFR,721,MSE,0.07304556782850354,5,Unbalanced
203,RFR,721,R2,0.9548964345065986,5,Unbalanced
203,RFR,721,RMSE,0.2702694356165779,5,Unbalanced
203,RFR,721,r,0.9841538144167652,5,Unbalanced
203,MR,721,MAE,1.079422225568145,5,Unbalanced
203,MR,721,MSE,1.6227873317247032,5,Unbalanced
203,MR,721,R2,-0.0020251313556904904,5,Unbalanced
203,MR,721,RMSE,1.2738867028604637,5,Unbalanced
203,1-NN,721,MAE,0.0005880307871543555,6,Unbalanced
203,1-NN,721,MSE,9.534253244434127e-05,6,Unbalanced
203,1-NN,721,R2,0.999941008450682,6,Unbalanced
203,1-NN,721,RMSE,0.009764350077928446,6,Unbalanced
203,1-NN,721,r,0.9999708431045267,6,Unbalanced
203,kNN,721,MAE,0.4223099571007539,6,Unbalanced
203,kNN,721,MSE,0.34157394729727386,6,Unbalanced
203,kNN,721,R2,0.788657004999359,6,Unbalanced
203,kNN,721,RMSE,0.5844432797947752,6,Unbalanced
203,kNN,721,r,0.8893422092306557,6,Unbalanced
203,SVR,721,MAE,0.09638329387695099,6,Unbalanced
203,SVR,721,MSE,0.01169251256478274,6,Unbalanced
203,SVR,721,R2,0.9927654592978277,6,Unbalanced
203,SVR,721,RMSE,0.10813192204332049,6,Unbalanced
203,SVR,721,r,0.9969422828894559,6,Unbalanced
203,RFR,721,MAE,0.22346347817763898,6,Unbalanced
203,RFR,721,MSE,0.08447743990056514,6,Unbalanced
203,RFR,721,R2,0.9477310395015757,6,Unbalanced
203,RFR,721,RMSE,0.29065002993387967,6,Unbalanced
203,RFR,721,r,0.9823158018943204,6,Unbalanced
203,MR,721,MAE,1.0804453497153155,6,Unbalanced
203,MR,721,MSE,1.6263282923503353,6,Unbalanced
203,MR,721,R2,-0.006262611300569709,6,Unbalanced
203,MR,721,RMSE,1.275275771098289,6,Unbalanced
203,1-NN,721,MAE,0.00351395199121236,7,Unbalanced
203,1-NN,721,MSE,0.0017745926568808247,7,Unbalanced
203,1-NN,721,R2,0.998920490402304,7,Unbalanced
203,1-NN,721,RMSE,0.042125914315072434,7,Unbalanced
203,1-NN,721,r,0.9994622353234912,7,Unbalanced
203,kNN,721,MAE,0.3777022436562578,7,Unbalanced
203,kNN,721,MSE,0.27180527810830624,7,Unbalanced
203,kNN,721,R2,0.8346570378928162,7,Unbalanced
203,kNN,721,RMSE,0.5213494779016339,7,Unbalanced
203,kNN,721,r,0.9161249515009476,7,Unbalanced
203,SVR,721,MAE,0.09774091630159039,7,Unbalanced
203,SVR,721,MSE,0.012447504759522393,7,Unbalanced
203,SVR,721,R2,0.9924280083076142,7,Unbalanced
203,SVR,721,RMSE,0.11156838602185833,7,Unbalanced
203,SVR,721,r,0.9967879304081195,7,Unbalanced
203,RFR,721,MAE,0.2064131523567733,7,Unbalanced
203,RFR,721,MSE,0.0720359861822045,7,Unbalanced
203,RFR,721,R2,0.9561794994689845,7,Unbalanced
203,RFR,721,RMSE,0.2683952052146321,7,Unbalanced
203,RFR,721,r,0.984635551023687,7,Unbalanced
203,MR,721,MAE,1.0842519099664172,7,Unbalanced
203,MR,721,MSE,1.6473377844960955,7,Unbalanced
203,MR,721,R2,-0.002098674372086995,7,Unbalanced
203,MR,721,RMSE,1.283486573555055,7,Unbalanced
203,1-NN,721,MAE,0.001493380694723995,8,Unbalanced
203,1-NN,721,MSE,0.0005106806128696049,8,Unbalanced
203,1-NN,721,R2,0.999691318832417,8,Unbalanced
203,1-NN,721,RMSE,0.022598243579305115,8,Unbalanced
203,1-NN,721,r,0.9998467016811395,8,Unbalanced
203,kNN,721,MAE,0.38758371389106494,8,Unbalanced
203,kNN,721,MSE,0.29380810575486216,8,Unbalanced
203,kNN,721,R2,0.8224075344859213,8,Unbalanced
203,kNN,721,RMSE,0.5420406864386309,8,Unbalanced
203,kNN,721,r,0.9077457607017358,8,Unbalanced
203,SVR,721,MAE,0.09709327839730172,8,Unbalanced
203,SVR,721,MSE,0.013193486759717581,8,Unbalanced
203,SVR,721,R2,0.992025189923315,8,Unbalanced
203,SVR,721,RMSE,0.11486290419329288,8,Unbalanced
203,SVR,721,r,0.9966077211744715,8,Unbalanced
203,RFR,721,MAE,0.21314594715509033,8,Unbalanced
203,RFR,721,MSE,0.07788050758786445,8,Unbalanced
203,RFR,721,R2,0.9529250858396786,8,Unbalanced
203,RFR,721,RMSE,0.27907079314730243,8,Unbalanced
203,RFR,721,r,0.9840496437015323,8,Unbalanced
203,MR,721,MAE,1.0907219785774624,8,Unbalanced
203,MR,721,MSE,1.657745463451734,8,Unbalanced
203,MR,721,R2,-0.002025125524640181,8,Unbalanced
203,MR,721,RMSE,1.2875346455345325,8,Unbalanced
203,1-NN,721,MAE,0.002031136218174716,9,Unbalanced
203,1-NN,721,MSE,0.0006582923148905855,9,Unbalanced
203,1-NN,721,R2,0.9996035487377765,9,Unbalanced
203,1-NN,721,RMSE,0.025657207854530576,9,Unbalanced
203,1-NN,721,r,0.999801797396725,9,Unbalanced
203,kNN,721,MAE,0.40001267188684386,9,Unbalanced
203,kNN,721,MSE,0.3116855875103376,9,Unbalanced
203,kNN,721,R2,0.8122898569674316,9,Unbalanced
203,kNN,721,RMSE,0.5582880864843326,9,Unbalanced
203,kNN,721,r,0.9027071901286414,9,Unbalanced
203,SVR,721,MAE,0.0965090954384012,9,Unbalanced
203,SVR,721,MSE,0.011721031179842401,9,Unbalanced
203,SVR,721,R2,0.992941103062122,9,Unbalanced
203,SVR,721,RMSE,0.10826371127872166,9,Unbalanced
203,SVR,721,r,0.9969843274762176,9,Unbalanced
203,RFR,721,MAE,0.21506267536712118,9,Unbalanced
203,RFR,721,MSE,0.07650257477612869,9,Unbalanced
203,RFR,721,R2,0.9539269384629131,9,Unbalanced
203,RFR,721,RMSE,0.2765909882409922,9,Unbalanced
203,RFR,721,r,0.9836664923617364,9,Unbalanced
203,MR,721,MAE,1.096533486378349,9,Unbalanced
203,MR,721,MSE,1.6633253810518611,9,Unbalanced
203,MR,721,R2,-0.0017243584501345222,9,Unbalanced
203,MR,721,RMSE,1.2896997251499518,9,Unbalanced
279,1-NN,1136,MAE,0.0009065899016651446,0,Unbalanced
279,1-NN,1136,MSE,0.0006914923163942856,0,Unbalanced
279,1-NN,1136,R2,0.999419799510491,0,Unbalanced
279,1-NN,1136,RMSE,0.026296241487982378,0,Unbalanced
279,1-NN,1136,r,0.9997107537348421,0,Unbalanced
279,kNN,1136,MAE,0.39580216974110105,0,Unbalanced
279,kNN,1136,MSE,0.2918309521665921,0,Unbalanced
279,kNN,1136,R2,0.7551376099392542,0,Unbalanced
279,kNN,1136,RMSE,0.5402138022733148,0,Unbalanced
279,kNN,1136,r,0.8706156084347553,0,Unbalanced
279,SVR,1136,MAE,0.09522361839200104,0,Unbalanced
279,SVR,1136,MSE,0.010609905620391444,0,Unbalanced
279,SVR,1136,R2,0.9910976994412678,0,Unbalanced
279,SVR,1136,RMSE,0.10300439612167747,0,Unbalanced
279,SVR,1136,r,0.9964528518716109,0,Unbalanced
279,RFR,1136,MAE,0.20754663605788723,0,Unbalanced
279,RFR,1136,MSE,0.07184654275530794,0,Unbalanced
279,RFR,1136,R2,0.9397167570949652,0,Unbalanced
279,RFR,1136,RMSE,0.26804205407978043,0,Unbalanced
279,RFR,1136,r,0.9797370445927098,0,Unbalanced
279,MR,1136,MAE,0.9075091865814799,0,Unbalanced
279,MR,1136,MSE,1.1935201002073539,0,Unbalanced
279,MR,1136,R2,-0.0014297049460445521,0,Unbalanced
279,MR,1136,RMSE,1.0924834553471983,0,Unbalanced
279,1-NN,1136,MAE,0.0006411343247432638,1,Unbalanced
279,1-NN,1136,MSE,0.00016414665199561364,1,Unbalanced
279,1-NN,1136,R2,0.9998623969507586,1,Unbalanced
279,1-NN,1136,RMSE,0.012811972993868416,1,Unbalanced
279,1-NN,1136,r,0.9999312273630225,1,Unbalanced
279,kNN,1136,MAE,0.3759627074654731,1,Unbalanced
279,kNN,1136,MSE,0.260229724190609,1,Unbalanced
279,kNN,1136,R2,0.7818511488566313,1,Unbalanced
279,kNN,1136,RMSE,0.5101271647252369,1,Unbalanced
279,kNN,1136,r,0.8867724128730872,1,Unbalanced
279,SVR,1136,MAE,0.09789943527326406,1,Unbalanced
279,SVR,1136,MSE,0.012396854077013107,1,Unbalanced
279,SVR,1136,R2,0.9896077994813861,1,Unbalanced
279,SVR,1136,RMSE,0.11134116074935228,1,Unbalanced
279,SVR,1136,r,0.9956680528916553,1,Unbalanced
279,RFR,1136,MAE,0.20335698755975315,1,Unbalanced
279,RFR,1136,MSE,0.06877198728509239,1,Unbalanced
279,RFR,1136,R2,0.9423488993666979,1,Unbalanced
279,RFR,1136,RMSE,0.26224413679831315,1,Unbalanced
279,RFR,1136,r,0.9807731623850349,1,Unbalanced
279,MR,1136,MAE,0.90393285152534,1,Unbalanced
279,MR,1136,MSE,1.1946171854363012,1,Unbalanced
279,MR,1136,R2,-0.0014396601679922405,1,Unbalanced
279,MR,1136,RMSE,1.0929854461228206,1,Unbalanced
279,1-NN,1136,MAE,0.000767743197841807,2,Unbalanced
279,1-NN,1136,MSE,0.0006695920458575656,2,Unbalanced
279,1-NN,1136,R2,0.9994471116636636,2,Unbalanced
279,1-NN,1136,RMSE,0.025876476689409737,2,Unbalanced
279,1-NN,1136,r,0.9997244649870104,2,Unbalanced
279,kNN,1136,MAE,0.38076679408283937,2,Unbalanced
279,kNN,1136,MSE,0.27264744202327273,2,Unbalanced
279,kNN,1136,R2,0.7748724890637607,2,Unbalanced
279,kNN,1136,RMSE,0.5221565301930761,2,Unbalanced
279,kNN,1136,r,0.8828727099839455,2,Unbalanced
279,SVR,1136,MAE,0.0980140588871572,2,Unbalanced
279,SVR,1136,MSE,0.01212987102409096,2,Unbalanced
279,SVR,1136,R2,0.9899842534689979,2,Unbalanced
279,SVR,1136,RMSE,0.11013569368779115,2,Unbalanced
279,SVR,1136,r,0.9959645971472527,2,Unbalanced
279,RFR,1136,MAE,0.2641572542770094,2,Unbalanced
279,RFR,1136,MSE,0.11454776172011549,2,Unbalanced
279,RFR,1136,R2,0.905416855232532,2,Unbalanced
279,RFR,1136,RMSE,0.3384490533597568,2,Unbalanced
279,RFR,1136,r,0.9645475341247806,2,Unbalanced
279,MR,1136,MAE,0.9135740330765113,2,Unbalanced
279,MR,1136,MSE,1.2119604026740187,2,Unbalanced
279,MR,1136,R2,-0.0007268976467948995,2,Unbalanced
279,MR,1136,RMSE,1.1008907314870167,2,Unbalanced
279,1-NN,1136,MAE,0.00025349253769783295,3,Unbalanced
279,1-NN,1136,MSE,7.299761813540154e-05,3,Unbalanced
279,1-NN,1136,R2,0.9999389538340495,3,Unbalanced
279,1-NN,1136,RMSE,0.00854386435609798,3,Unbalanced
279,1-NN,1136,r,0.9999695061732214,3,Unbalanced
279,kNN,1136,MAE,0.40842533302942907,3,Unbalanced
279,kNN,1136,MSE,0.3109292248709614,3,Unbalanced
279,kNN,1136,R2,0.7399773096004396,3,Unbalanced
279,kNN,1136,RMSE,0.5576102804566657,3,Unbalanced
279,kNN,1136,r,0.863135346991918,3,Unbalanced
279,SVR,1136,MAE,0.09791165141760008,3,Unbalanced
279,SVR,1136,MSE,0.012623684588546182,3,Unbalanced
279,SVR,1136,R2,0.9894431138442149,3,Unbalanced
279,SVR,1136,RMSE,0.11235517161459985,3,Unbalanced
279,SVR,1136,r,0.9957846291848258,3,Unbalanced
279,RFR,1136,MAE,0.20841749149088695,3,Unbalanced
279,RFR,1136,MSE,0.07552445619540402,3,Unbalanced
279,RFR,1136,R2,0.936840699683207,3,Unbalanced
279,RFR,1136,RMSE,0.2748171322814573,3,Unbalanced
279,RFR,1136,r,0.9780882949128591,3,Unbalanced
279,MR,1136,MAE,0.9044827299240656,3,Unbalanced
279,MR,1136,MSE,1.1972065496691364,3,Unbalanced
279,MR,1136,R2,-0.0011952660227956269,3,Unbalanced
279,MR,1136,RMSE,1.094169342318243,3,Unbalanced
279,1-NN,1136,MAE,0.0004952083720669958,4,Unbalanced
279,1-NN,1136,MSE,0.0001393701727837123,4,Unbalanced
279,1-NN,1136,R2,0.9998828290786707,4,Unbalanced
279,1-NN,1136,RMSE,0.011805514507369524,4,Unbalanced
279,1-NN,1136,r,0.9999415345020279,4,Unbalanced
279,kNN,1136,MAE,0.4134289001539877,4,Unbalanced
279,kNN,1136,MSE,0.3177580771129841,4,Unbalanced
279,kNN,1136,R2,0.7328552737540261,4,Unbalanced
279,kNN,1136,RMSE,0.5637003433678075,4,Unbalanced
279,kNN,1136,r,0.8581654803394623,4,Unbalanced
279,SVR,1136,MAE,0.09849633256160908,4,Unbalanced
279,SVR,1136,MSE,0.012682406519576203,4,Unbalanced
279,SVR,1136,R2,0.9893376808904604,4,Unbalanced
279,SVR,1136,RMSE,0.11261619119636485,4,Unbalanced
279,SVR,1136,r,0.9957399561752426,4,Unbalanced
279,RFR,1136,MAE,0.22169895009929963,4,Unbalanced
279,RFR,1136,MSE,0.0816953201212888,4,Unbalanced
279,RFR,1136,R2,0.9313173275478412,4,Unbalanced
279,RFR,1136,RMSE,0.28582393203034767,4,Unbalanced
279,RFR,1136,r,0.9786769765319216,4,Unbalanced
279,MR,1136,MAE,0.9043917111003292,4,Unbalanced
279,MR,1136,MSE,1.1925057147203129,4,Unbalanced
279,MR,1136,R2,-0.0025602357621390404,4,Unbalanced
279,MR,1136,RMSE,1.0920190999796262,4,Unbalanced
279,1-NN,1136,MAE,0.0001435791176327839,5,Unbalanced
279,1-NN,1136,MSE,2.341859799095719e-05,5,Unbalanced
279,1-NN,1136,R2,0.9999806703857008,5,Unbalanced
279,1-NN,1136,RMSE,0.004839276597897375,5,Unbalanced
279,1-NN,1136,r,0.999990345040967,5,Unbalanced
279,kNN,1136,MAE,0.3981876972654858,5,Unbalanced
279,kNN,1136,MSE,0.29516314232860125,5,Unbalanced
279,kNN,1136,R2,0.7563735583678588,5,Unbalanced
279,kNN,1136,RMSE,0.5432891884885998,5,Unbalanced
279,kNN,1136,r,0.8720687308867657,5,Unbalanced
279,SVR,1136,MAE,0.09795263206658136,5,Unbalanced
279,SVR,1136,MSE,0.01263522605264766,5,Unbalanced
279,SVR,1136,R2,0.9895709364721518,5,Unbalanced
279,SVR,1136,RMSE,0.11240652139732668,5,Unbalanced
279,SVR,1136,r,0.9958479842897558,5,Unbalanced
279,RFR,1136,MAE,0.211429853369371,5,Unbalanced
279,RFR,1136,MSE,0.07511307837971179,5,Unbalanced
279,RFR,1136,R2,0.9380019745645861,5,Unbalanced
279,RFR,1136,RMSE,0.2740676529248058,5,Unbalanced
279,RFR,1136,r,0.9803307397426337,5,Unbalanced
279,MR,1136,MAE,0.9147051846590559,5,Unbalanced
279,MR,1136,MSE,1.2116313787204134,5,Unbalanced
279,MR,1136,R2,-7.554818234556393e-05,5,Unbalanced
279,MR,1136,RMSE,1.1007412860070314,5,Unbalanced
279,1-NN,1136,MAE,0.0,6,Unbalanced
279,1-NN,1136,MSE,0.0,6,Unbalanced
279,1-NN,1136,R2,1.0,6,Unbalanced
279,1-NN,1136,RMSE,0.0,6,Unbalanced
279,1-NN,1136,r,0.9999999999999998,6,Unbalanced
279,kNN,1136,MAE,0.3933408325809,6,Unbalanced
279,kNN,1136,MSE,0.2871949881281822,6,Unbalanced
279,kNN,1136,R2,0.7602734648223328,6,Unbalanced
279,kNN,1136,RMSE,0.5359057642236946,6,Unbalanced
279,kNN,1136,r,0.8731938888479869,6,Unbalanced
279,SVR,1136,MAE,0.09615426276744568,6,Unbalanced
279,SVR,1136,MSE,0.011001811204222575,6,Unbalanced
279,SVR,1136,R2,0.990816601299846,6,Unbalanced
279,SVR,1136,RMSE,0.10488951903895152,6,Unbalanced
279,SVR,1136,r,0.9964298267864846,6,Unbalanced
279,RFR,1136,MAE,0.21199283096116275,6,Unbalanced
279,RFR,1136,MSE,0.07559243190243801,6,Unbalanced
279,RFR,1136,R2,0.936901713000865,6,Unbalanced
279,RFR,1136,RMSE,0.27494077890054436,6,Unbalanced
279,RFR,1136,r,0.9791421431674368,6,Unbalanced
279,MR,1136,MAE,0.9065685215922847,6,Unbalanced
279,MR,1136,MSE,1.1989066878916372,6,Unbalanced
279,MR,1136,R2,-0.0007477782353111362,6,Unbalanced
279,MR,1136,RMSE,1.0949459748734809,6,Unbalanced
279,1-NN,1136,MAE,0.0,7,Unbalanced
279,1-NN,1136,MSE,0.0,7,Unbalanced
279,1-NN,1136,R2,1.0,7,Unbalanced
279,1-NN,1136,RMSE,0.0,7,Unbalanced
279,1-NN,1136,r,1.0,7,Unbalanced
279,kNN,1136,MAE,0.38870771259621145,7,Unbalanced
279,kNN,1136,MSE,0.29058906066250956,7,Unbalanced
279,kNN,1136,R2,0.7750196890453038,7,Unbalanced
279,kNN,1136,RMSE,0.5390631323532612,7,Unbalanced
279,kNN,1136,r,0.882629767306585,7,Unbalanced
279,SVR,1136,MAE,0.09624845055104483,7,Unbalanced
279,SVR,1136,MSE,0.011230061780707876,7,Unbalanced
279,SVR,1136,R2,0.9913054442390092,7,Unbalanced
279,SVR,1136,RMSE,0.10597198582978369,7,Unbalanced
279,SVR,1136,r,0.9965730845839754,7,Unbalanced
279,RFR,1136,MAE,0.212476612932478,7,Unbalanced
279,RFR,1136,MSE,0.07671204224966638,7,Unbalanced
279,RFR,1136,R2,0.9406078842749556,7,Unbalanced
279,RFR,1136,RMSE,0.27696938865092363,7,Unbalanced
279,RFR,1136,r,0.97999077330268,7,Unbalanced
279,MR,1136,MAE,0.9494804459146439,7,Unbalanced
279,MR,1136,MSE,1.2934899926796182,7,Unbalanced
279,MR,1136,R2,-0.0014478181194415018,7,Unbalanced
279,MR,1136,RMSE,1.1373170150312613,7,Unbalanced
279,1-NN,1136,MAE,7.523885152417997e-05,8,Unbalanced
279,1-NN,1136,MSE,6.430765108577751e-06,8,Unbalanced
279,1-NN,1136,R2,0.9999946384462235,8,Unbalanced
279,1-NN,1136,RMSE,0.002535895326818075,8,Unbalanced
279,1-NN,1136,r,0.9999973230431993,8,Unbalanced
279,kNN,1136,MAE,0.3993666870143377,8,Unbalanced
279,kNN,1136,MSE,0.3078650684632404,8,Unbalanced
279,kNN,1136,R2,0.7433221253474891,8,Unbalanced
279,kNN,1136,RMSE,0.5548558988271103,8,Unbalanced
279,kNN,1136,r,0.8649983758695827,8,Unbalanced
279,SVR,1136,MAE,0.09573488452733617,8,Unbalanced
279,SVR,1136,MSE,0.010589333246610587,8,Unbalanced
279,SVR,1136,R2,0.991171302527777,8,Unbalanced
279,SVR,1136,RMSE,0.10290448603734721,8,Unbalanced
279,SVR,1136,r,0.9967470011457504,8,Unbalanced
279,RFR,1136,MAE,0.21337740595217763,8,Unbalanced
279,RFR,1136,MSE,0.07615918534046913,8,Unbalanced
279,RFR,1136,R2,0.9365034236393325,8,Unbalanced
279,RFR,1136,RMSE,0.27596953697911863,8,Unbalanced
279,RFR,1136,r,0.9798340636365793,8,Unbalanced
279,MR,1136,MAE,0.9103461596562069,8,Unbalanced
279,MR,1136,MSE,1.2021108391906254,8,Unbalanced
279,MR,1136,R2,-0.0022418484838204744,8,Unbalanced
279,MR,1136,RMSE,1.0964081535589862,8,Unbalanced
279,1-NN,1136,MAE,0.0003852949520019468,9,Unbalanced
279,1-NN,1136,MSE,8.979115263926795e-05,9,Unbalanced
279,1-NN,1136,R2,0.9999283203638741,9,Unbalanced
279,1-NN,1136,RMSE,0.009475819365061153,9,Unbalanced
279,1-NN,1136,r,0.9999641645432521,9,Unbalanced
279,kNN,1136,MAE,0.3844408895780828,9,Unbalanced
279,kNN,1136,MSE,0.27220439692553355,9,Unbalanced
279,kNN,1136,R2,0.7827011732229877,9,Unbalanced
279,kNN,1136,RMSE,0.5217321122238247,9,Unbalanced
279,kNN,1136,r,0.8856148011718235,9,Unbalanced
279,SVR,1136,MAE,0.09576407401274833,9,Unbalanced
279,SVR,1136,MSE,0.010806875382885453,9,Unbalanced
279,SVR,1136,R2,0.9913729485329775,9,Unbalanced
279,SVR,1136,RMSE,0.10395612239250487,9,Unbalanced
279,SVR,1136,r,0.9965461125210727,9,Unbalanced
279,RFR,1136,MAE,0.2112820452246228,9,Unbalanced
279,RFR,1136,MSE,0.07454506898568432,9,Unbalanced
279,RFR,1136,R2,0.9404912036118503,9,Unbalanced
279,RFR,1136,RMSE,0.27302942879053227,9,Unbalanced
279,RFR,1136,r,0.9801180129440689,9,Unbalanced
279,MR,1136,MAE,0.9283316107930804,9,Unbalanced
279,MR,1136,MSE,1.2559933259662004,9,Unbalanced
279,MR,1136,R2,-0.002650505483483334,9,Unbalanced
279,MR,1136,RMSE,1.120711080504784,9,Unbalanced
2409,1-NN,613,MAE,0.0063153215068945945,0,Unbalanced
2409,1-NN,613,MSE,0.00825752210212425,0,Unbalanced
2409,1-NN,613,R2,0.9934930782875571,0,Unbalanced
2409,1-NN,613,RMSE,0.090870908998008,0,Unbalanced
2409,1-NN,613,r,0.9967422978120669,0,Unbalanced
2409,kNN,613,MAE,0.4626805031907896,0,Unbalanced
2409,kNN,613,MSE,0.3949349091757244,0,Unbalanced
2409,kNN,613,R2,0.688791564377878,0,Unbalanced
2409,kNN,613,RMSE,0.6284384688859558,0,Unbalanced
2409,kNN,613,r,0.8324583845723867,0,Unbalanced
2409,SVR,613,MAE,0.10292765302749492,0,Unbalanced
2409,SVR,613,MSE,0.020125769493028734,0,Unbalanced
2409,SVR,613,R2,0.9841409075417284,0,Unbalanced
2409,SVR,613,RMSE,0.1418653216717487,0,Unbalanced
2409,SVR,613,r,0.9933056482630296,0,Unbalanced
2409,RFR,613,MAE,0.24352231823927936,0,Unbalanced
2409,RFR,613,MSE,0.0998930543767015,0,Unbalanced
2409,RFR,613,R2,0.9212843421540724,0,Unbalanced
2409,RFR,613,RMSE,0.3160586249047817,0,Unbalanced
2409,RFR,613,r,0.9796888918431369,0,Unbalanced
2409,MR,613,MAE,0.9331602362912771,0,Unbalanced
2409,MR,613,MSE,1.3196483975990492,0,Unbalanced
2409,MR,613,R2,-0.03988202573732824,0,Unbalanced
2409,MR,613,RMSE,1.1487595038122858,0,Unbalanced
2409,1-NN,613,MAE,0.0060363584893574915,1,Unbalanced
2409,1-NN,613,MSE,0.007929230627590328,1,Unbalanced
2409,1-NN,613,R2,0.9940466977148533,1,Unbalanced
2409,1-NN,613,RMSE,0.08904622747534185,1,Unbalanced
2409,1-NN,613,r,0.9970360203613324,1,Unbalanced
2409,kNN,613,MAE,0.44719090978034154,1,Unbalanced
2409,kNN,613,MSE,0.3695419368274838,1,Unbalanced
2409,kNN,613,R2,0.7225462393138709,1,Unbalanced
2409,kNN,613,RMSE,0.6078996108137296,1,Unbalanced
2409,kNN,613,r,0.8522173778726342,1,Unbalanced
2409,SVR,613,MAE,0.10477484543874947,1,Unbalanced
2409,SVR,613,MSE,0.020705793528433075,1,Unbalanced
2409,SVR,613,R2,0.984453996394092,1,Unbalanced
2409,SVR,613,RMSE,0.14389507819391556,1,Unbalanced
2409,SVR,613,r,0.9931133244944486,1,Unbalanced
2409,RFR,613,MAE,0.24749183882578768,1,Unbalanced
2409,RFR,613,MSE,0.09760695274350975,1,Unbalanced
2409,RFR,613,R2,0.9267162575909681,1,Unbalanced
2409,RFR,613,RMSE,0.3124211144329233,1,Unbalanced
2409,RFR,613,r,0.9818401398828558,1,Unbalanced
2409,MR,613,MAE,0.9638049131769939,1,Unbalanced
2409,MR,613,MSE,1.378516737690665,1,Unbalanced
2409,MR,613,R2,-0.03499661317086966,1,Unbalanced
2409,MR,613,RMSE,1.1741025243523944,1,Unbalanced
2409,1-NN,613,MAE,0.005093507351671157,2,Unbalanced
2409,1-NN,613,MSE,0.00617624170820222,2,Unbalanced
2409,1-NN,613,R2,0.9948929468941382,2,Unbalanced
2409,1-NN,613,RMSE,0.07858906863045408,2,Unbalanced
2409,1-NN,613,r,0.9974468001520128,2,Unbalanced
2409,kNN,613,MAE,0.4377286832692172,2,Unbalanced
2409,kNN,613,MSE,0.3433254333113265,2,Unbalanced
2409,kNN,613,R2,0.7161087108709788,2,Unbalanced
2409,kNN,613,RMSE,0.5859397864212043,2,Unbalanced
2409,kNN,613,r,0.8510932091521448,2,Unbalanced
2409,SVR,613,MAE,0.10173037800272904,2,Unbalanced
2409,SVR,613,MSE,0.01633044700037303,2,Unbalanced
2409,SVR,613,R2,0.9864965679755363,2,Unbalanced
2409,SVR,613,RMSE,0.12779063737368646,2,Unbalanced
2409,SVR,613,r,0.9943934858546908,2,Unbalanced
2409,RFR,613,MAE,0.23192380449510128,2,Unbalanced
2409,RFR,613,MSE,0.09177909422100204,2,Unbalanced
2409,RFR,613,R2,0.9241090730675134,2,Unbalanced
2409,RFR,613,RMSE,0.3029506465102889,2,Unbalanced
2409,RFR,613,r,0.9778882272721817,2,Unbalanced
2409,MR,613,MAE,0.9022198215953847,2,Unbalanced
2409,MR,613,MSE,1.23385302205894,2,Unbalanced
2409,MR,613,R2,-0.020256849746456584,2,Unbalanced
2409,MR,613,RMSE,1.1107893688989556,2,Unbalanced
2409,1-NN,613,MAE,0.006220958951669793,3,Unbalanced
2409,1-NN,613,MSE,0.006697471586120851,3,Unbalanced
2409,1-NN,613,R2,0.9947751783252,3,Unbalanced
2409,1-NN,613,RMSE,0.08183808151539752,3,Unbalanced
2409,1-NN,613,r,0.9973939733679286,3,Unbalanced
2409,kNN,613,MAE,0.4656689332749156,3,Unbalanced
2409,kNN,613,MSE,0.40383879559135366,3,Unbalanced
2409,kNN,613,R2,0.6849578732512516,3,Unbalanced
2409,kNN,613,RMSE,0.635483119831954,3,Unbalanced
2409,kNN,613,r,0.829260793319474,3,Unbalanced
2409,SVR,613,MAE,0.0976436279332636,3,Unbalanced
2409,SVR,613,MSE,0.012675860565964316,3,Unbalanced
2409,SVR,613,R2,0.9901113263146888,3,Unbalanced
2409,SVR,613,RMSE,0.11258712433473161,3,Unbalanced
2409,SVR,613,r,0.9958751749173784,3,Unbalanced
2409,RFR,613,MAE,0.24939591583563026,3,Unbalanced
2409,RFR,613,MSE,0.10309223009562574,3,Unbalanced
2409,RFR,613,R2,0.9195758412139722,3,Unbalanced
2409,RFR,613,RMSE,0.3210797877407199,3,Unbalanced
2409,RFR,613,r,0.9780926205615647,3,Unbalanced
2409,MR,613,MAE,0.9460806330411069,3,Unbalanced
2409,MR,613,MSE,1.2937971258859604,3,Unbalanced
2409,MR,613,R2,-0.009315109321453185,3,Unbalanced
2409,MR,613,RMSE,1.1374520323450832,3,Unbalanced
2409,1-NN,613,MAE,0.005576359435529693,4,Unbalanced
2409,1-NN,613,MSE,0.006373578345613692,4,Unbalanced
2409,1-NN,613,R2,0.995022503342343,4,Unbalanced
2409,1-NN,613,RMSE,0.07983469387186057,4,Unbalanced
2409,1-NN,613,r,0.9975126549068021,4,Unbalanced
2409,kNN,613,MAE,0.4417278736153055,4,Unbalanced
2409,kNN,613,MSE,0.34808478137350485,4,Unbalanced
2409,kNN,613,R2,0.7281604238755061,4,Unbalanced
2409,kNN,613,RMSE,0.5899871027179364,4,Unbalanced
2409,kNN,613,r,0.8555456486955539,4,Unbalanced
2409,SVR,613,MAE,0.10325259264185432,4,Unbalanced
2409,SVR,613,MSE,0.01711908673528106,4,Unbalanced
2409,SVR,613,R2,0.9866307131745476,4,Unbalanced
2409,SVR,613,RMSE,0.13083992790918628,4,Unbalanced
2409,SVR,613,r,0.9943945436916789,4,Unbalanced
2409,RFR,613,MAE,0.2458502504675831,4,Unbalanced
2409,RFR,613,MSE,0.10019785516215948,4,Unbalanced
2409,RFR,613,R2,0.9217496887729831,4,Unbalanced
2409,RFR,613,RMSE,0.31654044790857216,4,Unbalanced
2409,RFR,613,r,0.97677105826002,4,Unbalanced
2409,MR,613,MAE,0.9414460006385827,4,Unbalanced
2409,MR,613,MSE,1.2989408698655,4,Unbalanced
2409,MR,613,R2,-0.01441819456085014,4,Unbalanced
2409,MR,613,RMSE,1.1397108711710615,4,Unbalanced
2409,1-NN,613,MAE,0.0067568343399619,5,Unbalanced
2409,1-NN,613,MSE,0.009797477937601143,5,Unbalanced
2409,1-NN,613,R2,0.992240863045616,5,Unbalanced
2409,1-NN,613,RMSE,0.09898221020769915,5,Unbalanced
2409,1-NN,613,r,0.9961596860835521,5,Unbalanced
2409,kNN,613,MAE,0.4808789394944365,5,Unbalanced
2409,kNN,613,MSE,0.43392948489721245,5,Unbalanced
2409,kNN,613,R2,0.6563484681153393,5,Unbalanced
2409,kNN,613,RMSE,0.6587332425930943,5,Unbalanced
2409,kNN,613,r,0.8123370883886578,5,Unbalanced
2409,SVR,613,MAE,0.1073115283989846,5,Unbalanced
2409,SVR,613,MSE,0.02441889259546211,5,Unbalanced
2409,SVR,613,R2,0.9806613974403114,5,Unbalanced
2409,SVR,613,RMSE,0.15626545554108276,5,Unbalanced
2409,SVR,613,r,0.9916338182935232,5,Unbalanced
2409,RFR,613,MAE,0.2489343857947459,5,Unbalanced
2409,RFR,613,MSE,0.10673098918369024,5,Unbalanced
2409,RFR,613,R2,0.9154741283800327,5,Unbalanced
2409,RFR,613,RMSE,0.32669709087117726,5,Unbalanced
2409,RFR,613,r,0.9759655272002692,5,Unbalanced
2409,MR,613,MAE,0.9318845917927415,5,Unbalanced
2409,MR,613,MSE,1.2945367064188396,5,Unbalanced
2409,MR,613,R2,-0.025211555622076443,5,Unbalanced
2409,MR,613,RMSE,1.1377770899516475,5,Unbalanced
2409,1-NN,613,MAE,0.0009461214704161871,6,Unbalanced
2409,1-NN,613,MSE,0.00027476012636360353,6,Unbalanced
2409,1-NN,613,R2,0.9997844535585336,6,Unbalanced
2409,1-NN,613,RMSE,0.016575889911663973,6,Unbalanced
2409,1-NN,613,r,0.999892313061667,6,Unbalanced
2409,kNN,613,MAE,0.4706411885305998,6,Unbalanced
2409,kNN,613,MSE,0.3872122174931062,6,Unbalanced
2409,kNN,613,R2,0.6962360707954527,6,Unbalanced
2409,kNN,613,RMSE,0.6222637844942498,6,Unbalanced
2409,kNN,613,r,0.8383101071727758,6,Unbalanced
2409,SVR,613,MAE,0.09518750590833516,6,Unbalanced
2409,SVR,613,MSE,0.009406770889302744,6,Unbalanced
2409,SVR,613,R2,0.992620486757982,6,Unbalanced
2409,SVR,613,RMSE,0.09698850905804637,6,Unbalanced
2409,SVR,613,r,0.9974692869909426,6,Unbalanced
2409,RFR,613,MAE,0.24555481567454113,6,Unbalanced
2409,RFR,613,MSE,0.09792603174656545,6,Unbalanced
2409,RFR,613,R2,0.9231780537108812,6,Unbalanced
2409,RFR,613,RMSE,0.31293135308972386,6,Unbalanced
2409,RFR,613,r,0.9813255382653003,6,Unbalanced
2409,MR,613,MAE,0.9395269238430595,6,Unbalanced
2409,MR,613,MSE,1.2913185526223103,6,Unbalanced
2409,MR,613,R2,-0.013025880068636253,6,Unbalanced
2409,MR,613,RMSE,1.1363619813344294,6,Unbalanced
2409,1-NN,613,MAE,0.003096511370740013,7,Unbalanced
2409,1-NN,613,MSE,0.0024371714374001024,7,Unbalanced
2409,1-NN,613,R2,0.9980661545287924,7,Unbalanced
2409,1-NN,613,RMSE,0.049367716550394576,7,Unbalanced
2409,1-NN,613,r,0.9990354180074775,7,Unbalanced
2409,kNN,613,MAE,0.4512356996248291,7,Unbalanced
2409,kNN,613,MSE,0.3589519956097849,7,Unbalanced
2409,kNN,613,R2,0.7151789650746114,7,Unbalanced
2409,kNN,613,RMSE,0.5991260264833976,7,Unbalanced
2409,kNN,613,r,0.8499059007371162,7,Unbalanced
2409,SVR,613,MAE,0.09642528154365831,7,Unbalanced
2409,SVR,613,MSE,0.011069040498715146,7,Unbalanced
2409,SVR,613,R2,0.9912169437444711,7,Unbalanced
2409,SVR,613,RMSE,0.10520950764410575,7,Unbalanced
2409,SVR,613,r,0.9966633328740303,7,Unbalanced
2409,RFR,613,MAE,0.2404379784995452,7,Unbalanced
2409,RFR,613,MSE,0.09503489419470752,7,Unbalanced
2409,RFR,613,R2,0.9245917636630531,7,Unbalanced
2409,RFR,613,RMSE,0.3082773008100135,7,Unbalanced
2409,RFR,613,r,0.9787043901125676,7,Unbalanced
2409,MR,613,MAE,0.9397394603701239,7,Unbalanced
2409,MR,613,MSE,1.2762048281335348,7,Unbalanced
2409,MR,613,R2,-0.01264231532764426,7,Unbalanced
2409,MR,613,RMSE,1.1296923599518298,7,Unbalanced
2409,1-NN,613,MAE,0.007995680376748297,8,Unbalanced
2409,1-NN,613,MSE,0.007759664876750868,8,Unbalanced
2409,1-NN,613,R2,0.9942202710006838,8,Unbalanced
2409,1-NN,613,RMSE,0.0880889600162862,8,Unbalanced
2409,1-NN,613,r,0.9971080807424558,8,Unbalanced
2409,kNN,613,MAE,0.4709083308746027,8,Unbalanced
2409,kNN,613,MSE,0.4037462720959409,8,Unbalanced
2409,kNN,613,R2,0.6992725750063771,8,Unbalanced
2409,kNN,613,RMSE,0.6354103179017011,8,Unbalanced
2409,kNN,613,r,0.8398420341529638,8,Unbalanced
2409,SVR,613,MAE,0.10034616141874712,8,Unbalanced
2409,SVR,613,MSE,0.015209406719602116,8,Unbalanced
2409,SVR,613,R2,0.9886713858812305,8,Unbalanced
2409,SVR,613,RMSE,0.12332642344445945,8,Unbalanced
2409,SVR,613,r,0.9953801853641373,8,Unbalanced
2409,RFR,613,MAE,0.24122165503782492,8,Unbalanced
2409,RFR,613,MSE,0.09425149737873391,8,Unbalanced
2409,RFR,613,R2,0.9297974691843977,8,Unbalanced
2409,RFR,613,RMSE,0.30700406736513103,8,Unbalanced
2409,RFR,613,r,0.9803459214809596,8,Unbalanced
2409,MR,613,MAE,0.9653429955707514,8,Unbalanced
2409,MR,613,MSE,1.3654820940336776,8,Unbalanced
2409,MR,613,R2,-0.01706923975280561,8,Unbalanced
2409,MR,613,RMSE,1.1685384435411945,8,Unbalanced
2409,1-NN,613,MAE,0.005176557493711046,9,Unbalanced
2409,1-NN,613,MSE,0.006081261281698459,9,Unbalanced
2409,1-NN,613,R2,0.9948822087904401,9,Unbalanced
2409,1-NN,613,RMSE,0.07798244213730716,9,Unbalanced
2409,1-NN,613,r,0.9974554710364939,9,Unbalanced
2409,kNN,613,MAE,0.4542407810032012,9,Unbalanced
2409,kNN,613,MSE,0.37050605280385385,9,Unbalanced
2409,kNN,613,R2,0.6881941866509149,9,Unbalanced
2409,kNN,613,RMSE,0.6086920837368052,9,Unbalanced
2409,kNN,613,r,0.8330178686954148,9,Unbalanced
2409,SVR,613,MAE,0.10520347197083973,9,Unbalanced
2409,SVR,613,MSE,0.021632391870537747,9,Unbalanced
2409,SVR,613,R2,0.9817948843457895,9,Unbalanced
2409,SVR,613,RMSE,0.14707954266497344,9,Unbalanced
2409,SVR,613,r,0.9920808251443448,9,Unbalanced
2409,RFR,613,MAE,0.23081837440358777,9,Unbalanced
2409,RFR,613,MSE,0.09275120393642289,9,Unbalanced
2409,RFR,613,R2,0.9219436110054222,9,Unbalanced
2409,RFR,613,RMSE,0.30455082324042876,9,Unbalanced
2409,RFR,613,r,0.9771758840588785,9,Unbalanced
2409,MR,613,MAE,0.8990213441163879,9,Unbalanced
2409,MR,613,MSE,1.2110840583500362,9,Unbalanced
2409,MR,613,R2,-0.01920885499772851,9,Unbalanced
2409,MR,613,RMSE,1.1004926434783815,9,Unbalanced
260,1-NN,675,MAE,0.0,0,Unbalanced
260,1-NN,675,MSE,0.0,0,Unbalanced
260,1-NN,675,R2,1.0,0,Unbalanced
260,1-NN,675,RMSE,0.0,0,Unbalanced
260,1-NN,675,r,0.9999999999999999,0,Unbalanced
260,kNN,675,MAE,0.3473067074665575,0,Unbalanced
260,kNN,675,MSE,0.21659534447670264,0,Unbalanced
260,kNN,675,R2,0.8265072170485025,0,Unbalanced
260,kNN,675,RMSE,0.46539804949817165,0,Unbalanced
260,kNN,675,r,0.9101716101618058,0,Unbalanced
260,SVR,675,MAE,0.09572770424108556,0,Unbalanced
260,SVR,675,MSE,0.011070587502496584,0,Unbalanced
260,SVR,675,R2,0.991132463907031,0,Unbalanced
260,SVR,675,RMSE,0.10521685940236282,0,Unbalanced
260,SVR,675,r,0.9963524961660558,0,Unbalanced
260,RFR,675,MAE,0.1832902420240524,0,Unbalanced
260,RFR,675,MSE,0.05704222600278137,0,Unbalanced
260,RFR,675,R2,0.9543092001405631,0,Unbalanced
260,RFR,675,RMSE,0.23883514398593303,0,Unbalanced
260,RFR,675,r,0.9844609799873171,0,Unbalanced
260,MR,675,MAE,0.9408564740147395,0,Unbalanced
260,MR,675,MSE,1.2534586489211863,0,Unbalanced
260,MR,675,R2,-0.00401986866966908,0,Unbalanced
260,MR,675,RMSE,1.1195796751107918,0,Unbalanced
260,1-NN,675,MAE,0.0,1,Unbalanced
260,1-NN,675,MSE,0.0,1,Unbalanced
260,1-NN,675,R2,1.0,1,Unbalanced
260,1-NN,675,RMSE,0.0,1,Unbalanced
260,1-NN,675,r,1.0,1,Unbalanced
260,kNN,675,MAE,0.35005432764125016,1,Unbalanced
260,kNN,675,MSE,0.21716655231447876,1,Unbalanced
260,kNN,675,R2,0.820896040021524,1,Unbalanced
260,kNN,675,RMSE,0.466011322088293,1,Unbalanced
260,kNN,675,r,0.9074196953536995,1,Unbalanced
260,SVR,675,MAE,0.09310548694944044,1,Unbalanced
260,SVR,675,MSE,0.009073422047343413,1,Unbalanced
260,SVR,675,R2,0.992516868726258,1,Unbalanced
260,SVR,675,RMSE,0.09525451195268082,1,Unbalanced
260,SVR,675,r,0.9970830964449603,1,Unbalanced
260,RFR,675,MAE,0.1880076675934519,1,Unbalanced
260,RFR,675,MSE,0.05812377001808355,1,Unbalanced
260,RFR,675,R2,0.9520635324907587,1,Unbalanced
260,RFR,675,RMSE,0.24108871814766353,1,Unbalanced
260,RFR,675,r,0.9840685395061469,1,Unbalanced
260,MR,675,MAE,0.9225438273385714,1,Unbalanced
260,MR,675,MSE,1.2279470935810564,1,Unbalanced
260,MR,675,R2,-0.01272587680052406,1,Unbalanced
260,MR,675,RMSE,1.1081277424471676,1,Unbalanced
260,1-NN,675,MAE,0.0,2,Unbalanced
260,1-NN,675,MSE,0.0,2,Unbalanced
260,1-NN,675,R2,1.0,2,Unbalanced
260,1-NN,675,RMSE,0.0,2,Unbalanced
260,1-NN,675,r,1.0,2,Unbalanced
260,kNN,675,MAE,0.36290593464603277,2,Unbalanced
260,kNN,675,MSE,0.24158301588762596,2,Unbalanced
260,kNN,675,R2,0.8078124991323288,2,Unbalanced
260,kNN,675,RMSE,0.4915109519508451,2,Unbalanced
260,kNN,675,r,0.8994216878258616,2,Unbalanced
260,SVR,675,MAE,0.09338226284126916,2,Unbalanced
260,SVR,675,MSE,0.009962666156763934,2,Unbalanced
260,SVR,675,R2,0.992074360427978,2,Unbalanced
260,SVR,675,RMSE,0.09981315623084931,2,Unbalanced
260,SVR,675,r,0.9967362013868994,2,Unbalanced
260,RFR,675,MAE,0.18588705498948765,2,Unbalanced
260,RFR,675,MSE,0.05686645737154082,2,Unbalanced
260,RFR,675,R2,0.9547608001941739,2,Unbalanced
260,RFR,675,RMSE,0.238466889465898,2,Unbalanced
260,RFR,675,r,0.9847801499516037,2,Unbalanced
260,MR,675,MAE,0.9445237745933284,2,Unbalanced
260,MR,675,MSE,1.257266872023476,2,Unbalanced
260,MR,675,R2,-0.00019853287328142066,2,Unbalanced
260,MR,675,RMSE,1.1212791231551027,2,Unbalanced
260,1-NN,675,MAE,0.0,3,Unbalanced
260,1-NN,675,MSE,0.0,3,Unbalanced
260,1-NN,675,R2,1.0,3,Unbalanced
260,1-NN,675,RMSE,0.0,3,Unbalanced
260,1-NN,675,r,1.0,3,Unbalanced
260,kNN,675,MAE,0.3538324784838018,3,Unbalanced
260,kNN,675,MSE,0.23484605754389787,3,Unbalanced
260,kNN,675,R2,0.8066846879253573,3,Unbalanced
260,kNN,675,RMSE,0.48460918021009247,3,Unbalanced
260,kNN,675,r,0.8991632841385476,3,Unbalanced
260,SVR,675,MAE,0.09351632840752405,3,Unbalanced
260,SVR,675,MSE,0.009690332471150503,3,Unbalanced
260,SVR,675,R2,0.9920233293870929,3,Unbalanced
260,SVR,675,RMSE,0.09843948634135849,3,Unbalanced
260,SVR,675,r,0.9967830137647333,3,Unbalanced
260,RFR,675,MAE,0.18752024541676196,3,Unbalanced
260,RFR,675,MSE,0.05862017298864966,3,Unbalanced
260,RFR,675,R2,0.9517463603447883,3,Unbalanced
260,RFR,675,RMSE,0.24211603207687354,3,Unbalanced
260,RFR,675,r,0.9840593368656592,3,Unbalanced
260,MR,675,MAE,0.9182696644223317,3,Unbalanced
260,MR,675,MSE,1.2162804970077585,3,Unbalanced
260,MR,675,R2,-0.0011905088311148226,3,Unbalanced
260,MR,675,RMSE,1.1028510765319852,3,Unbalanced
260,1-NN,675,MAE,0.0,4,Unbalanced
260,1-NN,675,MSE,0.0,4,Unbalanced
260,1-NN,675,R2,1.0,4,Unbalanced
260,1-NN,675,RMSE,0.0,4,Unbalanced
260,1-NN,675,r,0.9999999999999999,4,Unbalanced
260,kNN,675,MAE,0.3584803658228778,4,Unbalanced
260,kNN,675,MSE,0.22679513731179812,4,Unbalanced
260,kNN,675,R2,0.8131241340015186,4,Unbalanced
260,kNN,675,RMSE,0.4762301306215285,4,Unbalanced
260,kNN,675,r,0.9029634496499992,4,Unbalanced
260,SVR,675,MAE,0.09474846131982625,4,Unbalanced
260,SVR,675,MSE,0.010694131203234482,4,Unbalanced
260,SVR,675,R2,0.9911881927743524,4,Unbalanced
260,SVR,675,RMSE,0.10341243253707207,4,Unbalanced
260,SVR,675,r,0.9963290360269896,4,Unbalanced
260,RFR,675,MAE,0.18463157890876233,4,Unbalanced
260,RFR,675,MSE,0.056827262530729644,4,Unbalanced
260,RFR,675,R2,0.953175169346099,4,Unbalanced
260,RFR,675,RMSE,0.23838469441373464,4,Unbalanced
260,RFR,675,r,0.9839964289184938,4,Unbalanced
260,MR,675,MAE,0.911913643881438,4,Unbalanced
260,MR,675,MSE,1.2138047381207409,4,Unbalanced
260,MR,675,R2,-0.0001572973653585219,4,Unbalanced
260,MR,675,RMSE,1.101728069044599,4,Unbalanced
260,1-NN,675,MAE,0.0,5,Unbalanced
260,1-NN,675,MSE,0.0,5,Unbalanced
260,1-NN,675,R2,1.0,5,Unbalanced
260,1-NN,675,RMSE,0.0,5,Unbalanced
260,1-NN,675,r,1.0,5,Unbalanced
260,kNN,675,MAE,0.3407851152381819,5,Unbalanced
260,kNN,675,MSE,0.21188710780698933,5,Unbalanced
260,kNN,675,R2,0.8213843012208937,5,Unbalanced
260,kNN,675,RMSE,0.4603119679163136,5,Unbalanced
260,kNN,675,r,0.9074244105849865,5,Unbalanced
260,SVR,675,MAE,0.09326846023747028,5,Unbalanced
260,SVR,675,MSE,0.009101070939841438,5,Unbalanced
260,SVR,675,R2,0.9923280176770416,5,Unbalanced
260,SVR,675,RMSE,0.09539953322653857,5,Unbalanced
260,SVR,675,r,0.9969060334670585,5,Unbalanced
260,RFR,675,MAE,0.19082544380899216,5,Unbalanced
260,RFR,675,MSE,0.0637043706731547,5,Unbalanced
260,RFR,675,R2,0.9462987588020992,5,Unbalanced
260,RFR,675,RMSE,0.2523972477527334,5,Unbalanced
260,RFR,675,r,0.9819170296520596,5,Unbalanced
260,MR,675,MAE,0.9112084942659546,5,Unbalanced
260,MR,675,MSE,1.1935008011685897,5,Unbalanced
260,MR,675,R2,-0.006092262056535347,5,Unbalanced
260,MR,675,RMSE,1.092474622665712,5,Unbalanced
260,1-NN,675,MAE,0.0,6,Unbalanced
260,1-NN,675,MSE,0.0,6,Unbalanced
260,1-NN,675,R2,1.0,6,Unbalanced
260,1-NN,675,RMSE,0.0,6,Unbalanced
260,1-NN,675,r,1.0,6,Unbalanced
260,kNN,675,MAE,0.35074640312515737,6,Unbalanced
260,kNN,675,MSE,0.24245286630287072,6,Unbalanced
260,kNN,675,R2,0.799199411276879,6,Unbalanced
260,kNN,675,RMSE,0.49239503074550894,6,Unbalanced
260,kNN,675,r,0.895092987096761,6,Unbalanced
260,SVR,675,MAE,0.09553302755562247,6,Unbalanced
260,SVR,675,MSE,0.010961513458842755,6,Unbalanced
260,SVR,675,R2,0.9909216236978512,6,Unbalanced
260,SVR,675,RMSE,0.10469724666314179,6,Unbalanced
260,SVR,675,r,0.9962351224261221,6,Unbalanced
260,RFR,675,MAE,0.18808382701084675,6,Unbalanced
260,RFR,675,MSE,0.060852541830122446,6,Unbalanced
260,RFR,675,R2,0.949601642533181,6,Unbalanced
260,RFR,675,RMSE,0.2466830797402255,6,Unbalanced
260,RFR,675,r,0.9827758908700273,6,Unbalanced
260,MR,675,MAE,0.9137674807629851,6,Unbalanced
260,MR,675,MSE,1.2094835873863963,6,Unbalanced
260,MR,675,R2,-0.0016999184276715873,6,Unbalanced
260,MR,675,RMSE,1.0997652419432051,6,Unbalanced
260,1-NN,675,MAE,0.0,7,Unbalanced
260,1-NN,675,MSE,0.0,7,Unbalanced
260,1-NN,675,R2,1.0,7,Unbalanced
260,1-NN,675,RMSE,0.0,7,Unbalanced
260,1-NN,675,r,0.9999999999999998,7,Unbalanced
260,kNN,675,MAE,0.3366918670360285,7,Unbalanced
260,kNN,675,MSE,0.20609032278406075,7,Unbalanced
260,kNN,675,R2,0.8322552171417206,7,Unbalanced
260,kNN,675,RMSE,0.4539717202470444,7,Unbalanced
260,kNN,675,r,0.9128174843667403,7,Unbalanced
260,SVR,675,MAE,0.0923917682382438,7,Unbalanced
260,SVR,675,MSE,0.008988776263724825,7,Unbalanced
260,SVR,675,R2,0.9926836917806177,7,Unbalanced
260,SVR,675,RMSE,0.09480915706684047,7,Unbalanced
260,SVR,675,r,0.9969532580460295,7,Unbalanced
260,RFR,675,MAE,0.18216793986367458,7,Unbalanced
260,RFR,675,MSE,0.055707167808171136,7,Unbalanced
260,RFR,675,R2,0.9546578090548067,7,Unbalanced
260,RFR,675,RMSE,0.23602365942458212,7,Unbalanced
260,RFR,675,r,0.9844564545779843,7,Unbalanced
260,MR,675,MAE,0.9226327766811389,7,Unbalanced
260,MR,675,MSE,1.241162117587272,7,Unbalanced
260,MR,675,R2,-0.010229238782586192,7,Unbalanced
260,MR,675,RMSE,1.1140745565657946,7,Unbalanced
260,1-NN,675,MAE,0.0,8,Unbalanced
260,1-NN,675,MSE,0.0,8,Unbalanced
260,1-NN,675,R2,1.0,8,Unbalanced
260,1-NN,675,RMSE,0.0,8,Unbalanced
260,1-NN,675,r,1.0,8,Unbalanced
260,kNN,675,MAE,0.3324099631147394,8,Unbalanced
260,kNN,675,MSE,0.20086422258673955,8,Unbalanced
260,kNN,675,R2,0.8382986216124763,8,Unbalanced
260,kNN,675,RMSE,0.44817878417740786,8,Unbalanced
260,kNN,675,r,0.9167985092145127,8,Unbalanced
260,SVR,675,MAE,0.09453622311164452,8,Unbalanced
260,SVR,675,MSE,0.009259796322883436,8,Unbalanced
260,SVR,675,R2,0.9925456021499728,8,Unbalanced
260,SVR,675,RMSE,0.09622783548892408,8,Unbalanced
260,SVR,675,r,0.9968677904684351,8,Unbalanced
260,RFR,675,MAE,0.17962084501864037,8,Unbalanced
260,RFR,675,MSE,0.05223379797157603,8,Unbalanced
260,RFR,675,R2,0.9579503157822349,8,Unbalanced
260,RFR,675,RMSE,0.22854714605869844,8,Unbalanced
260,RFR,675,r,0.9861851301614382,8,Unbalanced
260,MR,675,MAE,0.9277853170155825,8,Unbalanced
260,MR,675,MSE,1.248852813879415,8,Unbalanced
260,MR,675,R2,-0.0053618250519174016,8,Unbalanced
260,MR,675,RMSE,1.1175208337563176,8,Unbalanced
260,1-NN,675,MAE,0.0,9,Unbalanced
260,1-NN,675,MSE,0.0,9,Unbalanced
260,1-NN,675,R2,1.0,9,Unbalanced
260,1-NN,675,RMSE,0.0,9,Unbalanced
260,1-NN,675,r,1.0,9,Unbalanced
260,kNN,675,MAE,0.3590904175909286,9,Unbalanced
260,kNN,675,MSE,0.24205838971083826,9,Unbalanced
260,kNN,675,R2,0.8076718157962106,9,Unbalanced
260,kNN,675,RMSE,0.49199429845358805,9,Unbalanced
260,kNN,675,r,0.899904405377095,9,Unbalanced
260,SVR,675,MAE,0.09407277183214896,9,Unbalanced
260,SVR,675,MSE,0.010370519004018657,9,Unbalanced
260,SVR,675,R2,0.991760074535419,9,Unbalanced
260,SVR,675,RMSE,0.10183574521757405,9,Unbalanced
260,SVR,675,r,0.9965520474282032,9,Unbalanced
260,RFR,675,MAE,0.24571922564672247,9,Unbalanced
260,RFR,675,MSE,0.10391194462564159,9,Unbalanced
260,RFR,675,R2,0.9174364679083895,9,Unbalanced
260,RFR,675,RMSE,0.32235375695909235,9,Unbalanced
260,RFR,675,r,0.9672705455599049,9,Unbalanced
260,MR,675,MAE,0.9369028054949399,9,Unbalanced
260,MR,675,MSE,1.2585739945497514,9,Unbalanced
260,MR,675,R2,-3.558426652006119e-06,9,Unbalanced
260,MR,675,RMSE,1.1218618428976677,9,Unbalanced
286,1-NN,344,MAE,0.0,0,Unbalanced
286,1-NN,344,MSE,0.0,0,Unbalanced
286,1-NN,344,R2,1.0,0,Unbalanced
286,1-NN,344,RMSE,0.0,0,Unbalanced
286,1-NN,344,r,1.0,0,Unbalanced
286,kNN,344,MAE,0.3702677600016453,0,Unbalanced
286,kNN,344,MSE,0.2768501367815914,0,Unbalanced
286,kNN,344,R2,0.7929331158143518,0,Unbalanced
286,kNN,344,RMSE,0.5261655032226946,0,Unbalanced
286,kNN,344,r,0.8920140425151988,0,Unbalanced
286,SVR,344,MAE,0.0957934861499678,0,Unbalanced
286,SVR,344,MSE,0.01024689458818267,0,Unbalanced
286,SVR,344,R2,0.9923359527301673,0,Unbalanced
286,SVR,344,RMSE,0.10122694595898205,0,Unbalanced
286,SVR,344,r,0.9967488401231108,0,Unbalanced
286,RFR,344,MAE,0.20036948163221285,0,Unbalanced
286,RFR,344,MSE,0.07833450522899685,0,Unbalanced
286,RFR,344,R2,0.9414106053529272,0,Unbalanced
286,RFR,344,RMSE,0.27988302061575093,0,Unbalanced
286,RFR,344,r,0.9765666072245376,0,Unbalanced
286,MR,344,MAE,0.9832708287554361,0,Unbalanced
286,MR,344,MSE,1.4479832107836248,0,Unbalanced
286,MR,344,R2,-0.083002433358496,0,Unbalanced
286,MR,344,RMSE,1.203321740343631,0,Unbalanced
286,1-NN,344,MAE,0.0,1,Unbalanced
286,1-NN,344,MSE,0.0,1,Unbalanced
286,1-NN,344,R2,1.0,1,Unbalanced
286,1-NN,344,RMSE,0.0,1,Unbalanced
286,1-NN,344,r,0.9999999999999998,1,Unbalanced
286,kNN,344,MAE,0.3980538040803937,1,Unbalanced
286,kNN,344,MSE,0.29602394146119865,1,Unbalanced
286,kNN,344,R2,0.8005339941603844,1,Unbalanced
286,kNN,344,RMSE,0.5440808225449585,1,Unbalanced
286,kNN,344,r,0.8956083075354951,1,Unbalanced
286,SVR,344,MAE,0.09729318074991448,1,Unbalanced
286,SVR,344,MSE,0.011085171805586266,1,Unbalanced
286,SVR,344,R2,0.9925306212288372,1,Unbalanced
286,SVR,344,RMSE,0.10528614251451264,1,Unbalanced
286,SVR,344,r,0.9970594335888437,1,Unbalanced
286,RFR,344,MAE,0.26598382251973807,1,Unbalanced
286,RFR,344,MSE,0.12598741390984347,1,Unbalanced
286,RFR,344,R2,0.9151075209842349,1,Unbalanced
286,RFR,344,RMSE,0.35494705789715103,1,Unbalanced
286,RFR,344,r,0.9650936926934869,1,Unbalanced
286,MR,344,MAE,1.0499783616580889,1,Unbalanced
286,MR,344,MSE,1.4955532325665672,1,Unbalanced
286,MR,344,R2,-0.007729403061407902,1,Unbalanced
286,MR,344,RMSE,1.2229281387581885,1,Unbalanced
286,1-NN,344,MAE,0.0,2,Unbalanced
286,1-NN,344,MSE,0.0,2,Unbalanced
286,1-NN,344,R2,1.0,2,Unbalanced
286,1-NN,344,RMSE,0.0,2,Unbalanced
286,1-NN,344,r,1.0,2,Unbalanced
286,kNN,344,MAE,0.3623089251240427,2,Unbalanced
286,kNN,344,MSE,0.2408082033886152,2,Unbalanced
286,kNN,344,R2,0.8273210892257821,2,Unbalanced
286,kNN,344,RMSE,0.4907221244132113,2,Unbalanced
286,kNN,344,r,0.9097380506572872,2,Unbalanced
286,SVR,344,MAE,0.0922333230956626,2,Unbalanced
286,SVR,344,MSE,0.008944205619436164,2,Unbalanced
286,SVR,344,R2,0.9935862829323451,2,Unbalanced
286,SVR,344,RMSE,0.09457381043098646,2,Unbalanced
286,SVR,344,r,0.9973035002159703,2,Unbalanced
286,RFR,344,MAE,0.1817447528428085,2,Unbalanced
286,RFR,344,MSE,0.05915938707708383,2,Unbalanced
286,RFR,344,R2,0.9575779463540313,2,Unbalanced
286,RFR,344,RMSE,0.2432270278506972,2,Unbalanced
286,RFR,344,r,0.9839639661342084,2,Unbalanced
286,MR,344,MAE,1.026133115036774,2,Unbalanced
286,MR,344,MSE,1.417663288198446,2,Unbalanced
286,MR,344,R2,-0.016578957883946144,2,Unbalanced
286,MR,344,RMSE,1.1906566626019635,2,Unbalanced
286,1-NN,344,MAE,0.0,3,Unbalanced
286,1-NN,344,MSE,0.0,3,Unbalanced
286,1-NN,344,R2,1.0,3,Unbalanced
286,1-NN,344,RMSE,0.0,3,Unbalanced
286,1-NN,344,r,1.0,3,Unbalanced
286,kNN,344,MAE,0.38343232648500297,3,Unbalanced
286,kNN,344,MSE,0.2848885596915386,3,Unbalanced
286,kNN,344,R2,0.8008770854372355,3,Unbalanced
286,kNN,344,RMSE,0.5337495289848401,3,Unbalanced
286,kNN,344,r,0.895647114545514,3,Unbalanced
286,SVR,344,MAE,0.09645667062073193,3,Unbalanced
286,SVR,344,MSE,0.011438531076559531,3,Unbalanced
286,SVR,344,R2,0.9920050364649692,3,Unbalanced
286,SVR,344,RMSE,0.10695106860877797,3,Unbalanced
286,SVR,344,r,0.9968286180054826,3,Unbalanced
286,RFR,344,MAE,0.20006443262127976,3,Unbalanced
286,RFR,344,MSE,0.07155331300152253,3,Unbalanced
286,RFR,344,R2,0.9499877978711685,3,Unbalanced
286,RFR,344,RMSE,0.2674945102268877,3,Unbalanced
286,RFR,344,r,0.9820194993447362,3,Unbalanced
286,MR,344,MAE,1.0373443400707754,3,Unbalanced
286,MR,344,MSE,1.5030147510100298,3,Unbalanced
286,MR,344,R2,-0.05053245443058052,3,Unbalanced
286,MR,344,RMSE,1.2259750205489628,3,Unbalanced
286,1-NN,344,MAE,0.0,4,Unbalanced
286,1-NN,344,MSE,0.0,4,Unbalanced
286,1-NN,344,R2,1.0,4,Unbalanced
286,1-NN,344,RMSE,0.0,4,Unbalanced
286,1-NN,344,r,1.0,4,Unbalanced
286,kNN,344,MAE,0.39163832200917403,4,Unbalanced
286,kNN,344,MSE,0.27101155432925345,4,Unbalanced
286,kNN,344,R2,0.8028316766173582,4,Unbalanced
286,kNN,344,RMSE,0.5205877009008698,4,Unbalanced
286,kNN,344,r,0.8968425354332891,4,Unbalanced
286,SVR,344,MAE,0.09365476646326926,4,Unbalanced
286,SVR,344,MSE,0.009152082299283765,4,Unbalanced
286,SVR,344,R2,0.9933416096340401,4,Unbalanced
286,SVR,344,RMSE,0.09566651608208467,4,Unbalanced
286,SVR,344,r,0.997401188245038,4,Unbalanced
286,RFR,344,MAE,0.1978851310712405,4,Unbalanced
286,RFR,344,MSE,0.06976939527334283,4,Unbalanced
286,RFR,344,R2,0.9492408553446647,4,Unbalanced
286,RFR,344,RMSE,0.2641389696227023,4,Unbalanced
286,RFR,344,r,0.9813990915587585,4,Unbalanced
286,MR,344,MAE,1.011926020713638,4,Unbalanced
286,MR,344,MSE,1.4012037002428996,4,Unbalanced
286,MR,344,R2,-0.019414042985048452,4,Unbalanced
286,MR,344,RMSE,1.1837245035238984,4,Unbalanced
286,1-NN,344,MAE,0.0,5,Unbalanced
286,1-NN,344,MSE,0.0,5,Unbalanced
286,1-NN,344,R2,1.0,5,Unbalanced
286,1-NN,344,RMSE,0.0,5,Unbalanced
286,1-NN,344,r,1.0,5,Unbalanced
286,kNN,344,MAE,0.416245041633467,5,Unbalanced
286,kNN,344,MSE,0.34618795086236515,5,Unbalanced
286,kNN,344,R2,0.7799901271278465,5,Unbalanced
286,kNN,344,RMSE,0.5883773881297318,5,Unbalanced
286,kNN,344,r,0.8840437155316371,5,Unbalanced
286,SVR,344,MAE,0.0932085475462764,5,Unbalanced
286,SVR,344,MSE,0.00914995820705348,5,Unbalanced
286,SVR,344,R2,0.9941850051773763,5,Unbalanced
286,SVR,344,RMSE,0.09565541389306452,5,Unbalanced
286,SVR,344,r,0.9977152565477427,5,Unbalanced
286,RFR,344,MAE,0.21628856154767334,5,Unbalanced
286,RFR,344,MSE,0.08343948675324703,5,Unbalanced
286,RFR,344,R2,0.9469724153386319,5,Unbalanced
286,RFR,344,RMSE,0.2888589391956687,5,Unbalanced
286,RFR,344,r,0.9808620926628832,5,Unbalanced
286,MR,344,MAE,1.085497710555709,5,Unbalanced
286,MR,344,MSE,1.6099488735952256,5,Unbalanced
286,MR,344,R2,-0.02315706288453212,5,Unbalanced
286,MR,344,RMSE,1.2688376072591896,5,Unbalanced
286,1-NN,344,MAE,0.0,6,Unbalanced
286,1-NN,344,MSE,0.0,6,Unbalanced
286,1-NN,344,R2,1.0,6,Unbalanced
286,1-NN,344,RMSE,0.0,6,Unbalanced
286,1-NN,344,r,1.0,6,Unbalanced
286,kNN,344,MAE,0.386628370107302,6,Unbalanced
286,kNN,344,MSE,0.3018602969045074,6,Unbalanced
286,kNN,344,R2,0.784126717858393,6,Unbalanced
286,kNN,344,RMSE,0.5494181439527707,6,Unbalanced
286,kNN,344,r,0.887130057553589,6,Unbalanced
286,SVR,344,MAE,0.09456423769385006,6,Unbalanced
286,SVR,344,MSE,0.011765339991086591,6,Unbalanced
286,SVR,344,R2,0.9915860993133813,6,Unbalanced
286,SVR,344,RMSE,0.10846815196677129,6,Unbalanced
286,SVR,344,r,0.9965931845941823,6,Unbalanced
286,RFR,344,MAE,0.19402553593015257,6,Unbalanced
286,RFR,344,MSE,0.06920759620414384,6,Unbalanced
286,RFR,344,R2,0.9505066711491184,6,Unbalanced
286,RFR,344,RMSE,0.2630733665807769,6,Unbalanced
286,RFR,344,r,0.9818531258629816,6,Unbalanced
286,MR,344,MAE,1.025753084825776,6,Unbalanced
286,MR,344,MSE,1.4257030298968558,6,Unbalanced
286,MR,344,R2,-0.019581560010292876,6,Unbalanced
286,MR,344,RMSE,1.1940280691411136,6,Unbalanced
286,1-NN,344,MAE,0.0,7,Unbalanced
286,1-NN,344,MSE,0.0,7,Unbalanced
286,1-NN,344,R2,1.0,7,Unbalanced
286,1-NN,344,RMSE,0.0,7,Unbalanced
286,1-NN,344,r,1.0,7,Unbalanced
286,kNN,344,MAE,0.41167165937398187,7,Unbalanced
286,kNN,344,MSE,0.3184654529014872,7,Unbalanced
286,kNN,344,R2,0.7795918054354645,7,Unbalanced
286,kNN,344,RMSE,0.5643274341209075,7,Unbalanced
286,kNN,344,r,0.8855284575905082,7,Unbalanced
286,SVR,344,MAE,0.09922627450288353,7,Unbalanced
286,SVR,344,MSE,0.016620394902633926,7,Unbalanced
286,SVR,344,R2,0.9884971157779794,7,Unbalanced
286,SVR,344,RMSE,0.12892011054383223,7,Unbalanced
286,SVR,344,r,0.9950384281383369,7,Unbalanced
286,RFR,344,MAE,0.20761734899645287,7,Unbalanced
286,RFR,344,MSE,0.07761204722007835,7,Unbalanced
286,RFR,344,R2,0.9462851274812325,7,Unbalanced
286,RFR,344,RMSE,0.27858938820435775,7,Unbalanced
286,RFR,344,r,0.9802230090891408,7,Unbalanced
286,MR,344,MAE,1.0444590116687966,7,Unbalanced
286,MR,344,MSE,1.4805027609814927,7,Unbalanced
286,MR,344,R2,-0.02464784680014187,7,Unbalanced
286,MR,344,RMSE,1.216759122004636,7,Unbalanced
286,1-NN,344,MAE,0.0,8,Unbalanced
286,1-NN,344,MSE,0.0,8,Unbalanced
286,1-NN,344,R2,1.0,8,Unbalanced
286,1-NN,344,RMSE,0.0,8,Unbalanced
286,1-NN,344,r,0.9999999999999999,8,Unbalanced
286,kNN,344,MAE,0.3969514807369658,8,Unbalanced
286,kNN,344,MSE,0.3040224675361427,8,Unbalanced
286,kNN,344,R2,0.7899909655718347,8,Unbalanced
286,kNN,344,RMSE,0.5513823242870075,8,Unbalanced
286,kNN,344,r,0.8910827175180186,8,Unbalanced
286,SVR,344,MAE,0.09379589923598142,8,Unbalanced
286,SVR,344,MSE,0.009175195663687158,8,Unbalanced
286,SVR,344,R2,0.9936620671569566,8,Unbalanced
286,SVR,344,RMSE,0.09578724165402801,8,Unbalanced
286,SVR,344,r,0.99751436332091,8,Unbalanced
286,RFR,344,MAE,0.2676968383292007,8,Unbalanced
286,RFR,344,MSE,0.12430231779074294,8,Unbalanced
286,RFR,344,R2,0.9141359191379055,8,Unbalanced
286,RFR,344,RMSE,0.35256533832857556,8,Unbalanced
286,RFR,344,r,0.9651768999302675,8,Unbalanced
286,MR,344,MAE,1.0483539851503916,8,Unbalanced
286,MR,344,MSE,1.4686727747541066,8,Unbalanced
286,MR,344,R2,-0.014512360933906843,8,Unbalanced
286,MR,344,RMSE,1.2118881032315263,8,Unbalanced
286,1-NN,344,MAE,0.0,9,Unbalanced
286,1-NN,344,MSE,0.0,9,Unbalanced
286,1-NN,344,R2,1.0,9,Unbalanced
286,1-NN,344,RMSE,0.0,9,Unbalanced
286,1-NN,344,r,1.0,9,Unbalanced
286,kNN,344,MAE,0.3571701945764436,9,Unbalanced
286,kNN,344,MSE,0.24981214864134985,9,Unbalanced
286,kNN,344,R2,0.8372339840525358,9,Unbalanced
286,kNN,344,RMSE,0.49981211333995285,9,Unbalanced
286,kNN,344,r,0.9166130032594937,9,Unbalanced
286,SVR,344,MAE,0.09289624168307786,9,Unbalanced
286,SVR,344,MSE,0.00904172652999841,9,Unbalanced
286,SVR,344,R2,0.9941088301246421,9,Unbalanced
286,SVR,344,RMSE,0.09508799361643093,9,Unbalanced
286,SVR,344,r,0.9977243599579793,9,Unbalanced
286,RFR,344,MAE,0.1912110439135547,9,Unbalanced
286,RFR,344,MSE,0.07033393972765557,9,Unbalanced
286,RFR,344,R2,0.9541736652215613,9,Unbalanced
286,RFR,344,RMSE,0.265205467001824,9,Unbalanced
286,RFR,344,r,0.9827945639696662,9,Unbalanced
286,MR,344,MAE,1.0765934276204716,9,Unbalanced
286,MR,344,MSE,1.591635586892513,9,Unbalanced
286,MR,344,R2,-0.03703596773682749,9,Unbalanced
286,MR,344,RMSE,1.261600406980163,9,Unbalanced
